-- phpMyAdmin SQL Dump
-- version 4.9.7
-- https://www.phpmyadmin.net/
--
-- Host: localhost:3306
-- Generation Time: Feb 21, 2022 at 12:43 PM
-- Server version: 10.3.32-MariaDB-cll-lve
-- PHP Version: 7.3.33

SET SQL_MODE = "NO_AUTO_VALUE_ON_ZERO";
SET AUTOCOMMIT = 0;
START TRANSACTION;
SET time_zone = "+00:00";


/*!40101 SET @OLD_CHARACTER_SET_CLIENT=@@CHARACTER_SET_CLIENT */;
/*!40101 SET @OLD_CHARACTER_SET_RESULTS=@@CHARACTER_SET_RESULTS */;
/*!40101 SET @OLD_COLLATION_CONNECTION=@@COLLATION_CONNECTION */;
/*!40101 SET NAMES utf8mb4 */;

--
-- Database: `ioptimec_doorbell`
--

-- --------------------------------------------------------

--
-- Table structure for table `days`
--

CREATE TABLE `days` (
  `id` int(11) NOT NULL,
  `name` varchar(50) NOT NULL,
  `created_at` timestamp NOT NULL DEFAULT current_timestamp(),
  `updated_at` timestamp NOT NULL DEFAULT current_timestamp()
) ENGINE=InnoDB DEFAULT CHARSET=latin1;

--
-- Dumping data for table `days`
--

INSERT INTO `days` (`id`, `name`, `created_at`, `updated_at`) VALUES
(1, 'Friday', '2022-02-02 08:55:47', '2022-02-02 08:55:47'),
(2, 'Saturday', '2022-02-02 09:02:55', '2022-02-02 09:02:55'),
(3, 'Sunday', '2022-02-02 09:03:08', '2022-02-02 09:03:08'),
(4, 'Monday', '2022-02-02 09:03:40', '2022-02-02 09:03:40'),
(5, 'Tuesday', '2022-02-02 09:04:17', '2022-02-02 09:04:17'),
(6, 'Wednesday', '2022-02-02 09:04:17', '2022-02-02 09:04:17'),
(7, 'Thursday', '2022-02-02 09:04:17', '2022-02-02 09:04:17');

-- --------------------------------------------------------

--
-- Table structure for table `days_timings`
--

CREATE TABLE `days_timings` (
  `id` int(11) NOT NULL,
  `door_id` varchar(50) NOT NULL,
  `day_id` varchar(50) NOT NULL,
  `from_hour` varchar(50) NOT NULL,
  `to_hour` varchar(50) NOT NULL,
  `created_at` timestamp NOT NULL DEFAULT current_timestamp(),
  `updated_at` timestamp NOT NULL DEFAULT current_timestamp()
) ENGINE=InnoDB DEFAULT CHARSET=latin1;

--
-- Dumping data for table `days_timings`
--

INSERT INTO `days_timings` (`id`, `door_id`, `day_id`, `from_hour`, `to_hour`, `created_at`, `updated_at`) VALUES
(2, '11', '1', '19:30', '12:45', '2022-02-14 10:30:54', '2022-02-21 11:39:33'),
(3, '11', '2', '01:00', '03:45', '2022-02-14 10:31:01', '2022-02-21 11:29:43'),
(4, '11', '3', '05:00', '03:08', '2022-02-14 10:35:29', '2022-02-21 11:39:10'),
(5, '11', '4', '19:30', '03:00', '2022-02-14 10:37:09', '2022-02-21 11:39:33'),
(6, '11', '5', '01:30', '03:00', '2022-02-14 10:48:50', '2022-02-21 11:39:10'),
(7, '11', '6', '01:30', '03:00', '2022-02-14 10:48:50', '2022-02-21 11:39:10'),
(8, '11', '7', '02:30', '09:00', '2022-02-14 10:49:46', '2022-02-21 11:39:10'),
(9, '19', '2', '01:00', '03:45', '2022-02-14 10:49:46', '2022-02-14 10:49:46'),
(10, '20', '1', '09:30', '12:45', '2022-02-14 10:51:13', '2022-02-14 10:51:13'),
(11, '20', '2', '01:00', '03:45', '2022-02-14 10:51:13', '2022-02-14 10:51:13'),
(12, '21', '1', '09:30', '12:45', '2022-02-14 10:54:49', '2022-02-14 10:54:49'),
(13, '21', '2', '01:00', '03:45', '2022-02-14 10:54:49', '2022-02-14 10:54:49'),
(14, '21', '3', '05:00', '03:08', '2022-02-14 10:54:49', '2022-02-14 10:54:49'),
(15, '22', '1', '09:30', '12:45', '2022-02-14 10:55:57', '2022-02-14 10:55:57'),
(16, '22', '2', '01:00', '03:45', '2022-02-14 10:55:57', '2022-02-14 10:55:57'),
(17, '22', '3', '05:00', '03:08', '2022-02-14 10:55:57', '2022-02-14 10:55:57'),
(18, '23', '1', '09:30', '12:45', '2022-02-14 11:01:15', '2022-02-14 11:01:15'),
(19, '23', '2', '01:00', '03:45', '2022-02-14 11:01:15', '2022-02-14 11:01:15'),
(20, '23', '3', '05:00', '03:08', '2022-02-14 11:01:15', '2022-02-14 11:01:15'),
(21, '23', '4', '01:30', '03:00', '2022-02-14 11:01:15', '2022-02-14 11:01:15'),
(22, '23', '5', '01:30', '03:00', '2022-02-14 11:01:15', '2022-02-14 11:01:15'),
(23, '23', '6', '01:30', '03:00', '2022-02-14 11:01:15', '2022-02-14 11:01:15'),
(24, '23', '7', '02:30', '09:00', '2022-02-14 11:01:15', '2022-02-14 11:01:15'),
(25, '24', '1', '09:30', '12:45', '2022-02-14 11:08:21', '2022-02-14 11:08:21'),
(26, '24', '2', '01:00', '03:45', '2022-02-14 11:08:21', '2022-02-14 11:08:21'),
(27, '24', '3', '05:00', '03:08', '2022-02-14 11:08:21', '2022-02-14 11:08:21'),
(28, '24', '4', '01:30', '03:00', '2022-02-14 11:08:21', '2022-02-14 11:08:21'),
(29, '24', '5', '01:30', '03:00', '2022-02-14 11:08:21', '2022-02-14 11:08:21'),
(30, '24', '6', '01:30', '03:00', '2022-02-14 11:08:21', '2022-02-14 11:08:21'),
(31, '24', '7', '02:30', '09:00', '2022-02-14 11:08:21', '2022-02-14 11:08:21'),
(32, '25', '1', '09:30', '12:45', '2022-02-14 11:09:24', '2022-02-14 11:09:24'),
(33, '25', '2', '01:00', '03:45', '2022-02-14 11:09:24', '2022-02-14 11:09:24'),
(34, '25', '3', '05:00', '03:08', '2022-02-14 11:09:24', '2022-02-14 11:09:24'),
(35, '25', '4', '01:30', '03:00', '2022-02-14 11:09:24', '2022-02-14 11:09:24'),
(36, '25', '5', '01:30', '03:00', '2022-02-14 11:09:24', '2022-02-14 11:09:24'),
(37, '25', '6', '01:30', '03:00', '2022-02-14 11:09:24', '2022-02-14 11:09:24'),
(38, '25', '7', '02:30', '09:00', '2022-02-14 11:09:24', '2022-02-14 11:09:24'),
(41, '26', '3', '05:00', '03:08', '2022-02-14 11:11:31', '2022-02-14 11:11:31'),
(42, '26', '4', '01:30', '03:00', '2022-02-14 11:11:31', '2022-02-14 11:11:31'),
(43, '26', '5', '01:30', '03:00', '2022-02-14 11:11:31', '2022-02-14 11:11:31'),
(44, '26', '6', '01:30', '03:00', '2022-02-14 11:11:31', '2022-02-14 11:11:31'),
(45, '26', '7', '02:30', '09:00', '2022-02-14 11:11:31', '2022-02-14 11:11:31'),
(46, '27', '1', '09:30', '12:45', '2022-02-14 11:16:02', '2022-02-14 11:16:02'),
(47, '27', '2', '01:00', '03:45', '2022-02-14 11:16:02', '2022-02-14 11:16:02'),
(48, '27', '3', '05:00', '03:08', '2022-02-14 11:16:02', '2022-02-14 11:16:02'),
(49, '27', '4', '01:30', '03:00', '2022-02-14 11:16:02', '2022-02-14 11:16:02'),
(50, '27', '5', '01:30', '03:00', '2022-02-14 11:16:02', '2022-02-14 11:16:02'),
(51, '27', '6', '01:30', '03:00', '2022-02-14 11:16:02', '2022-02-14 11:16:02'),
(52, '26', '7', '02:30', '09:00', '2022-02-14 11:16:02', '2022-02-14 11:16:02'),
(53, '28', '1', '09:30', '12:45', '2022-02-14 12:00:56', '2022-02-14 12:00:56'),
(54, '28', '2', '01:00', '03:45', '2022-02-14 12:00:56', '2022-02-14 12:00:56'),
(55, '28', '3', '05:00', '03:08', '2022-02-14 12:00:56', '2022-02-14 12:00:56'),
(56, '28', '4', '01:30', '03:00', '2022-02-14 12:00:56', '2022-02-14 12:00:56'),
(57, '28', '5', '01:30', '03:00', '2022-02-14 12:00:56', '2022-02-14 12:00:56'),
(58, '28', '6', '01:30', '03:00', '2022-02-14 12:00:56', '2022-02-14 12:00:56'),
(59, '28', '7', '02:30', '09:00', '2022-02-14 12:00:56', '2022-02-14 12:00:56'),
(60, '29', '1', '09:30', '12:45', '2022-02-16 12:09:44', '2022-02-16 12:09:44'),
(61, '29', '2', '01:00', '03:45', '2022-02-16 12:09:44', '2022-02-16 12:09:44'),
(62, '29', '3', '05:00', '03:08', '2022-02-16 12:09:44', '2022-02-16 12:09:44'),
(63, '29', '4', '01:30', '03:00', '2022-02-16 12:09:44', '2022-02-16 12:09:44'),
(64, '29', '5', '01:30', '03:00', '2022-02-16 12:09:44', '2022-02-16 12:09:44'),
(65, '29', '6', '01:30', '03:00', '2022-02-16 12:09:44', '2022-02-16 12:09:44'),
(66, '29', '7', '02:30', '09:00', '2022-02-16 12:09:44', '2022-02-16 12:09:44'),
(67, '30', '1', '09:30', '12:45', '2022-02-16 12:43:36', '2022-02-16 12:43:36'),
(68, '30', '2', '01:00', '03:45', '2022-02-16 12:43:36', '2022-02-16 12:43:36'),
(69, '30', '3', '05:00', '03:08', '2022-02-16 12:43:36', '2022-02-16 12:43:36'),
(70, '30', '4', '01:30', '03:00', '2022-02-16 12:43:36', '2022-02-16 12:43:36'),
(71, '30', '5', '01:30', '03:00', '2022-02-16 12:43:36', '2022-02-16 12:43:36'),
(72, '30', '6', '01:30', '03:00', '2022-02-16 12:43:36', '2022-02-16 12:43:36'),
(73, '30', '7', '02:30', '09:00', '2022-02-16 12:43:36', '2022-02-16 12:43:36'),
(74, '31', '1', '09:30', '12:45', '2022-02-16 12:43:38', '2022-02-16 12:43:38'),
(75, '31', '2', '01:00', '03:45', '2022-02-16 12:43:38', '2022-02-16 12:43:38'),
(76, '31', '3', '05:00', '03:08', '2022-02-16 12:43:38', '2022-02-16 12:43:38'),
(77, '31', '4', '01:30', '03:00', '2022-02-16 12:43:38', '2022-02-16 12:43:38'),
(78, '31', '5', '01:30', '03:00', '2022-02-16 12:43:38', '2022-02-16 12:43:38'),
(79, '31', '6', '01:30', '03:00', '2022-02-16 12:43:38', '2022-02-16 12:43:38'),
(80, '31', '7', '02:30', '09:00', '2022-02-16 12:43:38', '2022-02-16 12:43:38'),
(81, '33', '1', '09:30', '12:45', '2022-02-16 12:45:05', '2022-02-16 12:45:05'),
(82, '33', '2', '01:00', '03:45', '2022-02-16 12:45:05', '2022-02-16 12:45:05'),
(83, '33', '3', '05:00', '03:08', '2022-02-16 12:45:05', '2022-02-16 12:45:05'),
(84, '33', '4', '01:30', '03:00', '2022-02-16 12:45:05', '2022-02-16 12:45:05'),
(85, '33', '5', '01:30', '03:00', '2022-02-16 12:45:05', '2022-02-16 12:45:05'),
(86, '33', '6', '01:30', '03:00', '2022-02-16 12:45:05', '2022-02-16 12:45:05'),
(87, '33', '7', '02:30', '09:00', '2022-02-16 12:45:05', '2022-02-16 12:45:05'),
(88, '34', '1', '09:30', '12:45', '2022-02-16 12:48:06', '2022-02-16 12:48:06'),
(89, '34', '2', '01:00', '03:45', '2022-02-16 12:48:06', '2022-02-16 12:48:06'),
(90, '34', '3', '05:00', '03:08', '2022-02-16 12:48:06', '2022-02-16 12:48:06'),
(91, '34', '4', '01:30', '03:00', '2022-02-16 12:48:06', '2022-02-16 12:48:06'),
(92, '34', '5', '01:30', '03:00', '2022-02-16 12:48:06', '2022-02-16 12:48:06'),
(93, '34', '6', '01:30', '03:00', '2022-02-16 12:48:06', '2022-02-16 12:48:06'),
(94, '34', '7', '02:30', '09:00', '2022-02-16 12:48:06', '2022-02-16 12:48:06'),
(95, '35', '1', '09:30', '12:45', '2022-02-16 12:49:52', '2022-02-16 12:49:52'),
(96, '35', '2', '01:00', '03:45', '2022-02-16 12:49:52', '2022-02-16 12:49:52'),
(97, '35', '3', '05:00', '03:08', '2022-02-16 12:49:52', '2022-02-16 12:49:52'),
(98, '35', '4', '01:30', '03:00', '2022-02-16 12:49:52', '2022-02-16 12:49:52'),
(99, '35', '5', '01:30', '03:00', '2022-02-16 12:49:52', '2022-02-16 12:49:52'),
(100, '35', '6', '01:30', '03:00', '2022-02-16 12:49:52', '2022-02-16 12:49:52'),
(101, '35', '7', '02:30', '09:00', '2022-02-16 12:49:52', '2022-02-16 12:49:52'),
(102, '36', '1', '09:30', '12:45', '2022-02-16 12:49:53', '2022-02-16 12:49:53'),
(103, '36', '2', '01:00', '03:45', '2022-02-16 12:49:53', '2022-02-16 12:49:53'),
(104, '36', '3', '05:00', '03:08', '2022-02-16 12:49:53', '2022-02-16 12:49:53'),
(105, '36', '4', '01:30', '03:00', '2022-02-16 12:49:53', '2022-02-16 12:49:53'),
(106, '36', '5', '01:30', '03:00', '2022-02-16 12:49:53', '2022-02-16 12:49:53'),
(107, '36', '6', '01:30', '03:00', '2022-02-16 12:49:53', '2022-02-16 12:49:53'),
(108, '36', '7', '02:30', '09:00', '2022-02-16 12:49:53', '2022-02-16 12:49:53'),
(109, '37', '1', '09:30', '12:45', '2022-02-16 12:50:00', '2022-02-16 12:50:00'),
(110, '37', '2', '01:00', '03:45', '2022-02-16 12:50:00', '2022-02-16 12:50:00'),
(111, '37', '3', '05:00', '03:08', '2022-02-16 12:50:00', '2022-02-16 12:50:00'),
(112, '37', '4', '01:30', '03:00', '2022-02-16 12:50:00', '2022-02-16 12:50:00'),
(113, '37', '5', '01:30', '03:00', '2022-02-16 12:50:00', '2022-02-16 12:50:00'),
(114, '37', '6', '01:30', '03:00', '2022-02-16 12:50:00', '2022-02-16 12:50:00'),
(115, '37', '7', '02:30', '09:00', '2022-02-16 12:50:00', '2022-02-16 12:50:00'),
(116, '38', '1', '09:30', '12:45', '2022-02-16 12:50:03', '2022-02-16 12:50:03'),
(117, '38', '2', '01:00', '03:45', '2022-02-16 12:50:03', '2022-02-16 12:50:03'),
(118, '38', '3', '05:00', '03:08', '2022-02-16 12:50:03', '2022-02-16 12:50:03'),
(119, '38', '4', '01:30', '03:00', '2022-02-16 12:50:03', '2022-02-16 12:50:03'),
(120, '38', '5', '01:30', '03:00', '2022-02-16 12:50:03', '2022-02-16 12:50:03'),
(121, '38', '6', '01:30', '03:00', '2022-02-16 12:50:03', '2022-02-16 12:50:03'),
(122, '38', '7', '02:30', '09:00', '2022-02-16 12:50:03', '2022-02-16 12:50:03'),
(123, '39', '1', '09:30', '12:45', '2022-02-16 12:50:09', '2022-02-16 12:50:09'),
(124, '39', '2', '01:00', '03:45', '2022-02-16 12:50:09', '2022-02-16 12:50:09'),
(125, '39', '3', '05:00', '03:08', '2022-02-16 12:50:09', '2022-02-16 12:50:09'),
(126, '39', '4', '01:30', '03:00', '2022-02-16 12:50:09', '2022-02-16 12:50:09'),
(127, '39', '5', '01:30', '03:00', '2022-02-16 12:50:09', '2022-02-16 12:50:09'),
(128, '39', '6', '01:30', '03:00', '2022-02-16 12:50:09', '2022-02-16 12:50:09'),
(129, '39', '7', '02:30', '09:00', '2022-02-16 12:50:09', '2022-02-16 12:50:09'),
(130, '40', '1', '09:30', '12:45', '2022-02-16 12:50:13', '2022-02-16 12:50:13'),
(131, '40', '2', '01:00', '03:45', '2022-02-16 12:50:13', '2022-02-16 12:50:13'),
(132, '40', '3', '05:00', '03:08', '2022-02-16 12:50:13', '2022-02-16 12:50:13'),
(133, '40', '4', '01:30', '03:00', '2022-02-16 12:50:13', '2022-02-16 12:50:13'),
(134, '40', '5', '01:30', '03:00', '2022-02-16 12:50:13', '2022-02-16 12:50:13'),
(135, '40', '6', '01:30', '03:00', '2022-02-16 12:50:13', '2022-02-16 12:50:13'),
(136, '40', '7', '02:30', '09:00', '2022-02-16 12:50:13', '2022-02-16 12:50:13'),
(137, '41', '1', '09:30', '12:45', '2022-02-16 12:50:18', '2022-02-16 12:50:18'),
(138, '41', '2', '01:00', '03:45', '2022-02-16 12:50:18', '2022-02-16 12:50:18'),
(139, '41', '3', '05:00', '03:08', '2022-02-16 12:50:18', '2022-02-16 12:50:18'),
(140, '41', '4', '01:30', '03:00', '2022-02-16 12:50:18', '2022-02-16 12:50:18'),
(141, '41', '5', '01:30', '03:00', '2022-02-16 12:50:18', '2022-02-16 12:50:18'),
(142, '41', '6', '01:30', '03:00', '2022-02-16 12:50:18', '2022-02-16 12:50:18'),
(143, '41', '7', '02:30', '09:00', '2022-02-16 12:50:18', '2022-02-16 12:50:18'),
(144, '42', '1', '09:30', '12:45', '2022-02-16 12:50:24', '2022-02-16 12:50:24'),
(145, '42', '2', '01:00', '03:45', '2022-02-16 12:50:24', '2022-02-16 12:50:24'),
(146, '42', '3', '05:00', '03:08', '2022-02-16 12:50:24', '2022-02-16 12:50:24'),
(147, '42', '4', '01:30', '03:00', '2022-02-16 12:50:24', '2022-02-16 12:50:24'),
(148, '42', '5', '01:30', '03:00', '2022-02-16 12:50:24', '2022-02-16 12:50:24'),
(149, '42', '6', '01:30', '03:00', '2022-02-16 12:50:24', '2022-02-16 12:50:24'),
(150, '42', '7', '02:30', '09:00', '2022-02-16 12:50:24', '2022-02-16 12:50:24'),
(151, '43', '1', '09:30', '12:45', '2022-02-16 12:50:30', '2022-02-16 12:50:30'),
(152, '43', '2', '01:00', '03:45', '2022-02-16 12:50:30', '2022-02-16 12:50:30'),
(153, '43', '3', '05:00', '03:08', '2022-02-16 12:50:30', '2022-02-16 12:50:30'),
(154, '43', '4', '01:30', '03:00', '2022-02-16 12:50:30', '2022-02-16 12:50:30'),
(155, '43', '5', '01:30', '03:00', '2022-02-16 12:50:30', '2022-02-16 12:50:30'),
(156, '43', '6', '01:30', '03:00', '2022-02-16 12:50:30', '2022-02-16 12:50:30'),
(157, '43', '7', '02:30', '09:00', '2022-02-16 12:50:30', '2022-02-16 12:50:30'),
(158, '44', '1', '09:30', '12:45', '2022-02-16 12:50:43', '2022-02-16 12:50:43'),
(159, '44', '2', '01:00', '03:45', '2022-02-16 12:50:43', '2022-02-16 12:50:43'),
(160, '44', '3', '05:00', '03:08', '2022-02-16 12:50:43', '2022-02-16 12:50:43'),
(161, '44', '4', '01:30', '03:00', '2022-02-16 12:50:43', '2022-02-16 12:50:43'),
(162, '44', '5', '01:30', '03:00', '2022-02-16 12:50:43', '2022-02-16 12:50:43'),
(163, '44', '6', '01:30', '03:00', '2022-02-16 12:50:43', '2022-02-16 12:50:43'),
(164, '44', '7', '02:30', '09:00', '2022-02-16 12:50:43', '2022-02-16 12:50:43'),
(165, '45', '1', '09:30', '12:45', '2022-02-16 12:50:53', '2022-02-16 12:50:53'),
(166, '45', '2', '01:00', '03:45', '2022-02-16 12:50:53', '2022-02-16 12:50:53'),
(167, '45', '3', '05:00', '03:08', '2022-02-16 12:50:53', '2022-02-16 12:50:53'),
(168, '45', '4', '01:30', '03:00', '2022-02-16 12:50:53', '2022-02-16 12:50:53'),
(169, '45', '5', '01:30', '03:00', '2022-02-16 12:50:53', '2022-02-16 12:50:53'),
(170, '45', '6', '01:30', '03:00', '2022-02-16 12:50:53', '2022-02-16 12:50:53'),
(171, '45', '7', '02:30', '09:00', '2022-02-16 12:50:53', '2022-02-16 12:50:53'),
(172, '46', '1', '09:30', '12:45', '2022-02-16 12:51:06', '2022-02-16 12:51:06'),
(173, '46', '2', '01:00', '03:45', '2022-02-16 12:51:06', '2022-02-16 12:51:06'),
(174, '46', '3', '05:00', '03:08', '2022-02-16 12:51:06', '2022-02-16 12:51:06'),
(175, '46', '4', '01:30', '03:00', '2022-02-16 12:51:06', '2022-02-16 12:51:06'),
(176, '46', '5', '01:30', '03:00', '2022-02-16 12:51:06', '2022-02-16 12:51:06'),
(177, '46', '6', '01:30', '03:00', '2022-02-16 12:51:06', '2022-02-16 12:51:06'),
(178, '46', '7', '02:30', '09:00', '2022-02-16 12:51:06', '2022-02-16 12:51:06'),
(179, '47', '1', '09:30', '12:45', '2022-02-21 10:44:04', '2022-02-21 10:44:04'),
(180, '47', '2', '01:00', '03:45', '2022-02-21 10:44:04', '2022-02-21 10:44:04'),
(181, '47', '3', '05:00', '03:08', '2022-02-21 10:44:04', '2022-02-21 10:44:04'),
(182, '47', '4', '01:30', '03:00', '2022-02-21 10:44:04', '2022-02-21 10:44:04'),
(183, '47', '5', '01:30', '03:00', '2022-02-21 10:44:04', '2022-02-21 10:44:04'),
(184, '47', '6', '01:30', '03:00', '2022-02-21 10:44:04', '2022-02-21 10:44:04'),
(185, '47', '7', '02:30', '09:00', '2022-02-21 10:44:04', '2022-02-21 10:44:04'),
(186, '48', '1', '19:30', '12:45', '2022-02-21 11:42:39', '2022-02-21 11:42:39'),
(187, '48', '2', '01:00', '03:45', '2022-02-21 11:42:39', '2022-02-21 11:42:39'),
(188, '48', '3', '05:00', '03:08', '2022-02-21 11:42:39', '2022-02-21 11:42:39'),
(189, '48', '4', '19:30', '03:00', '2022-02-21 11:42:39', '2022-02-21 11:42:39'),
(190, '48', '5', '01:30', '03:00', '2022-02-21 11:42:39', '2022-02-21 11:42:39'),
(191, '48', '6', '01:30', '03:00', '2022-02-21 11:42:39', '2022-02-21 11:42:39'),
(192, '48', '7', '02:30', '09:00', '2022-02-21 11:42:39', '2022-02-21 11:42:39');

-- --------------------------------------------------------

--
-- Table structure for table `devices_tokens`
--

CREATE TABLE `devices_tokens` (
  `id` int(11) NOT NULL,
  `user_id` varchar(20) NOT NULL,
  `device_id` varchar(20) NOT NULL,
  `fcm_token` varchar(255) DEFAULT NULL,
  `created_at` timestamp NOT NULL DEFAULT current_timestamp(),
  `updated_at` timestamp NOT NULL DEFAULT current_timestamp()
) ENGINE=InnoDB DEFAULT CHARSET=latin1;

--
-- Dumping data for table `devices_tokens`
--

INSERT INTO `devices_tokens` (`id`, `user_id`, `device_id`, `fcm_token`, `created_at`, `updated_at`) VALUES
(9, '6', 'Infinix-X682B', 'egMHC8jLSZKigesgBhn12o:APA91bHDVdcNKJjSLfcM7E4L4k9MT95XQuThIjXvAu3rmFVA7_onsIdVYluoLJ-Z7W3Vo1Xix7NdzQ61iB3U3NRckKQg1nIr5PDWraAgLo_u9AeoHlKOoIweW4WCPWYXAd6Q0bqFxmtU', '2022-02-21 11:53:02', '2022-02-21 11:53:02'),
(10, '3', '1239', '23456dfgh3', '2022-02-21 11:56:22', '2022-02-21 11:56:22'),
(11, '57', '123', '23456dfgh3', '2022-02-21 12:41:31', '2022-02-21 12:41:31');

-- --------------------------------------------------------

--
-- Table structure for table `doors`
--

CREATE TABLE `doors` (
  `id` int(11) NOT NULL,
  `user_id` varchar(10) NOT NULL,
  `invited_users` varchar(50) DEFAULT NULL,
  `location` varchar(100) NOT NULL,
  `latitude` varchar(20) NOT NULL,
  `longitude` varchar(20) NOT NULL,
  `name` varchar(100) NOT NULL,
  `image` varchar(255) NOT NULL,
  `zone_of_operation` varchar(50) NOT NULL,
  `ring_limit` varchar(50) NOT NULL,
  `ring_tone` varchar(50) NOT NULL,
  `door_type` varchar(50) NOT NULL,
  `is_listed` varchar(50) NOT NULL DEFAULT 'yes',
  `is_notify` varchar(20) NOT NULL DEFAULT 'yes',
  `msg_in_operational_houres` varchar(255) NOT NULL,
  `msg_in_off_houres` varchar(255) NOT NULL,
  `created_at` timestamp NOT NULL DEFAULT current_timestamp(),
  `updated_at` timestamp NOT NULL DEFAULT current_timestamp()
) ENGINE=InnoDB DEFAULT CHARSET=latin1;

--
-- Dumping data for table `doors`
--

INSERT INTO `doors` (`id`, `user_id`, `invited_users`, `location`, `latitude`, `longitude`, `name`, `image`, `zone_of_operation`, `ring_limit`, `ring_tone`, `door_type`, `is_listed`, `is_notify`, `msg_in_operational_houres`, `msg_in_off_houres`, `created_at`, `updated_at`) VALUES
(1, '1', NULL, 'G-8 , Islamabad', '', '', 'Test door one', 'https://doorbell.ioptime.com/public/door_images/1643791296testdoor.jpg', '12', '34', '456789', 'public', 'yes', 'yes', 'well come this is test operational msg', 'this is test off hour msg', '2022-02-02 13:41:36', '2022-02-02 13:41:36'),
(2, '1', NULL, 'G-8 , Islamabad', '', '', 'Test door one', 'https://doorbell.ioptime.com/public/door_images/16448333295321370.png', '12', '34', '456789', 'public', 'yes', 'yes', 'well come this is test operational msg', 'this is test off hour msg', '2022-02-14 10:08:49', '2022-02-14 10:08:49'),
(5, '1', NULL, 'G-8 , Islamabad', '', '', 'Test door one', 'https://doorbell.ioptime.com/public/door_images/16448335225321370.png', '12', '34', '456789', 'public', 'yes', 'yes', 'well come this is test operational msg', 'this is test off hour msg', '2022-02-14 10:12:02', '2022-02-14 10:12:02'),
(6, '3', NULL, '567.678', '78.34', 'G-8 , Islamabad', 'Test door one444', 'https://doorbell.ioptime.com/public/door_images/1645442922download (1).png', '12', '34', '456789', 'public', 'yes', 'yes', 'updated opreational houres message', 'updated off houres message', '2022-02-14 10:13:38', '2022-02-21 12:06:29'),
(7, '1', NULL, 'G-8 , Islamabad', '', '', 'Test door one', 'https://doorbell.ioptime.com/public/door_images/16448343465321370.png', '12', '34', '456789', 'public', 'yes', 'yes', 'well come this is test operational msg', 'this is test off hour msg', '2022-02-14 10:25:46', '2022-02-14 10:25:46'),
(8, '1', NULL, 'G-8 , Islamabad', '', '', 'Test door one', 'https://doorbell.ioptime.com/public/door_images/16448344135321370.png', '12', '34', '456789', 'public', 'yes', 'yes', 'well come this is test operational msg', 'this is test off hour msg', '2022-02-14 10:26:53', '2022-02-14 10:26:53'),
(9, '1', NULL, 'G-8 , Islamabad', '', '', 'Test door one', 'https://doorbell.ioptime.com/public/door_images/16448344835321370.png', '12', '34', '456789', 'public', 'yes', 'yes', 'well come this is test operational msg', 'this is test off hour msg', '2022-02-14 10:28:03', '2022-02-14 10:28:03'),
(10, '1', NULL, 'G-8 , Islamabad', '', '', 'Test door one', 'https://doorbell.ioptime.com/public/door_images/16448346545321370.png', '12', '34', '456789', 'public', 'yes', 'yes', 'well come this is test operational msg', 'this is test off hour msg', '2022-02-14 10:30:54', '2022-02-14 10:30:54'),
(11, '1', NULL, '567.678', '78.34', 'G-8 , Islamabad', 'Test door one444', 'https://doorbell.ioptime.com/public/door_images/1645443573download (1).png', '12', '34', '456789', 'public', 'yes', 'no', 'well come this is test operational msg', 'this is test off hour msg', '2022-02-14 10:31:01', '2022-02-21 12:18:17'),
(13, '1', NULL, 'G-8 , Islamabad', '', '', 'Test door one444', 'https://doorbell.ioptime.com/public/door_images/16448348715321370.png', '12', '34', '456789', 'public', 'yes', 'yes', 'well come this is test operational msg', 'this is test off hour msg', '2022-02-14 10:34:31', '2022-02-14 10:34:31'),
(16, '1', NULL, 'G-8 , Islamabad', '', '', 'Test door one444', 'https://doorbell.ioptime.com/public/door_images/16448355305321370.png', '12', '34', '456789', 'public', 'yes', 'yes', 'well come this is test operational msg', 'this is test off hour msg', '2022-02-14 10:45:30', '2022-02-14 10:45:30'),
(17, '1', NULL, 'G-8 , Islamabad', '', '', 'Test door one444', 'https://doorbell.ioptime.com/public/door_images/16448355715321370.png', '12', '34', '456789', 'public', 'yes', 'yes', 'well come this is test operational msg', 'this is test off hour msg', '2022-02-14 10:46:11', '2022-02-14 10:46:11'),
(18, '1', NULL, 'G-8 , Islamabad', '', '', 'Test door one444', 'https://doorbell.ioptime.com/public/door_images/16448357305321370.png', '12', '34', '456789', 'public', 'yes', 'yes', 'well come this is test operational msg', 'this is test off hour msg', '2022-02-14 10:48:50', '2022-02-14 10:48:50'),
(19, '1', NULL, 'G-8 , Islamabad', '', '', 'Test door one444', 'https://doorbell.ioptime.com/public/door_images/16448357865321370.png', '12', '34', '456789', 'public', 'yes', 'yes', 'well come this is test operational msg', 'this is test off hour msg', '2022-02-14 10:49:46', '2022-02-14 10:49:46'),
(20, '1', NULL, 'G-8 , Islamabad', '', '', 'Test door one444', 'https://doorbell.ioptime.com/public/door_images/16448358735321370.png', '12', '34', '456789', 'public', 'yes', 'yes', 'well come this is test operational msg', 'this is test off hour msg', '2022-02-14 10:51:13', '2022-02-14 10:51:13'),
(21, '1', NULL, 'G-8 , Islamabad', '', '', 'Test door one444', 'https://doorbell.ioptime.com/public/door_images/16448360895321370.png', '12', '34', '456789', 'public', 'yes', 'yes', 'well come this is test operational msg', 'this is test off hour msg', '2022-02-14 10:54:49', '2022-02-14 10:54:49'),
(22, '1', NULL, 'G-8 , Islamabad', '', '', 'Test door one444', 'https://doorbell.ioptime.com/public/door_images/16448361575321370.png', '12', '34', '456789', 'public', 'yes', 'yes', 'well come this is test operational msg', 'this is test off hour msg', '2022-02-14 10:55:57', '2022-02-14 10:55:57'),
(23, '1', NULL, 'G-8 , Islamabad', '', '', 'Test door one444', 'https://doorbell.ioptime.com/public/door_images/16448364755321370.png', '12', '34', '456789', 'public', 'yes', 'yes', 'well come this is test operational msg', 'this is test off hour msg', '2022-02-14 11:01:15', '2022-02-14 11:01:15'),
(24, '1', NULL, 'G-8 , Islamabad', '', '', 'Test door one444', 'https://doorbell.ioptime.com/public/door_images/16448369015321370.png', '12', '34', '456789', 'public', 'yes', 'yes', 'well come this is test operational msg', 'this is test off hour msg', '2022-02-14 11:08:21', '2022-02-14 11:08:21'),
(25, '1', NULL, 'G-8 , Islamabad', '', '', 'Test door one444', 'https://doorbell.ioptime.com/public/door_images/16448369645321370.png', '12', '34', '456789', 'public', 'yes', 'yes', 'well come this is test operational msg', 'this is test off hour msg', '2022-02-14 11:09:24', '2022-02-14 11:09:24'),
(26, '2', NULL, 'G-8 , Islamabad', '', '', 'Test door one444', 'https://doorbell.ioptime.com/public/door_images/1644837091profile.png', '12', '34', '456789', 'public', 'yes', 'yes', 'well come this is test operational msg', 'this is test off hour msg', '2022-02-14 11:11:31', '2022-02-14 11:11:31'),
(27, '2', NULL, 'G-8 , Islamabad', '', '', 'Test door one444', 'https://doorbell.ioptime.com/public/door_images/16448373625321370.png', '12', '34', '456789', 'public', 'yes', 'yes', 'well come this is test operational msg', 'this is test off hour msg', '2022-02-14 11:16:02', '2022-02-14 11:16:02'),
(28, '1', NULL, 'G-8 , Islamabad', '', '', 'Test door one444', 'https://doorbell.ioptime.com/public/door_images/1644840056profile.png', '12', '34', '456789', 'public', 'yes', 'yes', 'well come this is test operational msg', 'this is test off hour msg', '2022-02-14 12:00:56', '2022-02-14 12:00:56'),
(38, '6', NULL, 'Ioptime', '', '', 'Front door', 'https://doorbell.ioptime.com/public/door_images/1645015803rn_image_picker_lib_temp_1ad09660-0148-4fa5-9507-ba2e5ceab98c.jpg', '200', '50', 'horizon', 'private', 'no', 'no', 'New', 'Hello', '2022-02-16 12:50:03', '2022-02-21 12:21:57'),
(42, '6', NULL, 'Ioptime', '', '', 'Front door', 'https://doorbell.ioptime.com/public/door_images/1645015824rn_image_picker_lib_temp_1ad09660-0148-4fa5-9507-ba2e5ceab98c.jpg', '200', '50', 'horizon', 'public', 'yes', 'no', 'aaaaa', 'aaaa', '2022-02-16 12:50:24', '2022-02-21 12:20:55'),
(44, '6', NULL, 'Ioptime', '', '', 'Front door', 'https://doorbell.ioptime.com/public/door_images/1645015843rn_image_picker_lib_temp_1ad09660-0148-4fa5-9507-ba2e5ceab98c.jpg', '200', '50', 'horizon', 'public', 'yes', 'no', 'aaaaa', 'aaaa', '2022-02-16 12:50:43', '2022-02-21 12:21:02'),
(45, '6', NULL, 'Ioptime', '', '', 'Front door', 'https://doorbell.ioptime.com/public/door_images/1645015853rn_image_picker_lib_temp_1ad09660-0148-4fa5-9507-ba2e5ceab98c.jpg', '200', '50', 'horizon', 'public', 'yes', 'yes', 'aaaaa', 'aaaa', '2022-02-16 12:50:53', '2022-02-16 12:50:53'),
(46, '6', NULL, 'Ioptime', '', '', 'Front door', 'https://doorbell.ioptime.com/public/door_images/1645015866rn_image_picker_lib_temp_1ad09660-0148-4fa5-9507-ba2e5ceab98c.jpg', '200', '50', 'horizon', 'public', 'yes', 'yes', 'aaaaa', 'aaaa', '2022-02-16 12:51:06', '2022-02-16 12:51:06'),
(47, '1', NULL, 'G-8 , Islamabad', '567.678', '78.34', 'Test door one444', 'https://doorbell.ioptime.com/public/door_images/1645440244testabout.jpg', '12', '34', '456789', 'public', 'yes', 'yes', 'well come this is test operational msg', 'this is test off hour msg', '2022-02-21 10:44:04', '2022-02-21 10:44:04'),
(48, '1', NULL, '567.678', '78.34', 'G-8 , Islamabad', 'Test door one444', 'https://doorbell.ioptime.com/public/door_images/1645443782download (1).png', '12', '34', '456789', 'public', 'yes', 'yes', 'well come this is test operational msg', 'this is test off hour msg', '2022-02-21 11:42:39', '2022-02-21 11:43:02');

-- --------------------------------------------------------

--
-- Table structure for table `failed_jobs`
--

CREATE TABLE `failed_jobs` (
  `id` bigint(20) UNSIGNED NOT NULL,
  `connection` text COLLATE utf8mb4_unicode_ci NOT NULL,
  `queue` text COLLATE utf8mb4_unicode_ci NOT NULL,
  `payload` longtext COLLATE utf8mb4_unicode_ci NOT NULL,
  `exception` longtext COLLATE utf8mb4_unicode_ci NOT NULL,
  `failed_at` timestamp NOT NULL DEFAULT current_timestamp()
) ENGINE=InnoDB DEFAULT CHARSET=utf8mb4 COLLATE=utf8mb4_unicode_ci;

-- --------------------------------------------------------

--
-- Table structure for table `hosts`
--

CREATE TABLE `hosts` (
  `id` int(11) NOT NULL,
  `owner_id` varchar(20) NOT NULL,
  `added_person_id` varchar(20) NOT NULL,
  `added_person_email` varchar(50) NOT NULL,
  `door_id` varchar(20) NOT NULL,
  `created_at` timestamp NOT NULL DEFAULT current_timestamp(),
  `updated_at` timestamp NOT NULL DEFAULT current_timestamp()
) ENGINE=InnoDB DEFAULT CHARSET=latin1;

--
-- Dumping data for table `hosts`
--

INSERT INTO `hosts` (`id`, `owner_id`, `added_person_id`, `added_person_email`, `door_id`, `created_at`, `updated_at`) VALUES
(8, '3', '2', 'ubaidurrehman1001@gmail.com', '6', '2022-02-17 11:46:44', '2022-02-17 11:46:44'),
(9, '3', '2', 'ubaidurrehman1001@gmail.com', '6', '2022-02-17 11:46:54', '2022-02-17 11:46:54'),
(10, '3', '45678', 'ubaidurrehman1001@gmail.com', '6', '2022-02-17 11:47:20', '2022-02-17 11:47:20');

-- --------------------------------------------------------

--
-- Table structure for table `migrations`
--

CREATE TABLE `migrations` (
  `id` int(10) UNSIGNED NOT NULL,
  `migration` varchar(255) COLLATE utf8mb4_unicode_ci NOT NULL,
  `batch` int(11) NOT NULL
) ENGINE=InnoDB DEFAULT CHARSET=utf8mb4 COLLATE=utf8mb4_unicode_ci;

--
-- Dumping data for table `migrations`
--

INSERT INTO `migrations` (`id`, `migration`, `batch`) VALUES
(1, '2014_10_12_000000_create_users_table', 1),
(2, '2014_10_12_100000_create_password_resets_table', 1),
(3, '2016_06_01_000001_create_oauth_auth_codes_table', 1),
(4, '2016_06_01_000002_create_oauth_access_tokens_table', 1),
(5, '2016_06_01_000003_create_oauth_refresh_tokens_table', 1),
(6, '2016_06_01_000004_create_oauth_clients_table', 1),
(7, '2016_06_01_000005_create_oauth_personal_access_clients_table', 1),
(8, '2019_08_19_000000_create_failed_jobs_table', 1);

-- --------------------------------------------------------

--
-- Table structure for table `notifications`
--

CREATE TABLE `notifications` (
  `id` int(11) NOT NULL,
  `user_id` varchar(10) NOT NULL,
  `title` varchar(255) NOT NULL,
  `body` varchar(255) NOT NULL,
  `created_at` timestamp NOT NULL DEFAULT current_timestamp(),
  `updated_at` timestamp NULL DEFAULT NULL
) ENGINE=InnoDB DEFAULT CHARSET=latin1;

--
-- Dumping data for table `notifications`
--

INSERT INTO `notifications` (`id`, `user_id`, `title`, `body`, `created_at`, `updated_at`) VALUES
(1, '2', 'Doorbell Notification', 'Owner is at your door Test door one', '2022-02-21 08:42:52', '2022-02-21 08:42:52'),
(2, '2', 'Doorbell Notification', 'Owner is at your door Test door one', '2022-02-21 08:42:52', '2022-02-21 08:42:52'),
(3, '45678', 'Doorbell Notification', 'Owner is at your door Test door one', '2022-02-21 08:42:52', '2022-02-21 08:42:52'),
(4, '3', 'Doorbell Notification', 'Owner is at your door Test door one', '2022-02-21 08:42:52', '2022-02-21 08:42:52'),
(5, '2', 'Doorbell Notification', 'Owner is at your Test door one door', '2022-02-21 10:42:13', '2022-02-21 10:42:13'),
(6, '2', 'Doorbell Notification', 'Owner is at your Test door one door', '2022-02-21 10:42:13', '2022-02-21 10:42:13'),
(7, '45678', 'Doorbell Notification', 'Owner is at your Test door one door', '2022-02-21 10:42:13', '2022-02-21 10:42:13'),
(8, '3', 'Doorbell Notification', 'Owner is at your Test door one door', '2022-02-21 10:42:13', '2022-02-21 10:42:13');

-- --------------------------------------------------------

--
-- Table structure for table `oauth_access_tokens`
--

CREATE TABLE `oauth_access_tokens` (
  `id` varchar(100) COLLATE utf8mb4_unicode_ci NOT NULL,
  `user_id` bigint(20) UNSIGNED DEFAULT NULL,
  `client_id` bigint(20) UNSIGNED NOT NULL,
  `name` varchar(255) COLLATE utf8mb4_unicode_ci DEFAULT NULL,
  `scopes` text COLLATE utf8mb4_unicode_ci DEFAULT NULL,
  `revoked` tinyint(1) NOT NULL,
  `created_at` timestamp NULL DEFAULT NULL,
  `updated_at` timestamp NULL DEFAULT NULL,
  `expires_at` datetime DEFAULT NULL
) ENGINE=InnoDB DEFAULT CHARSET=utf8mb4 COLLATE=utf8mb4_unicode_ci;

--
-- Dumping data for table `oauth_access_tokens`
--

INSERT INTO `oauth_access_tokens` (`id`, `user_id`, `client_id`, `name`, `scopes`, `revoked`, `created_at`, `updated_at`, `expires_at`) VALUES
('04d4c34f0dfd70c954ff905d390882d4b2dd3c922a5671a538395cb6dfdd1a23bfc9e505d279b284', 20, 1, 'MyApp', '[]', 0, '2022-02-10 17:01:22', '2022-02-10 17:01:22', '2023-02-10 12:01:22'),
('0812a261914277a7d2125c53e44bad6fd4c6e5b49f27a56b70c97623acfa88fa6dc4660600e38c76', 6, 1, 'MyApp', '[]', 0, '2022-02-16 09:04:30', '2022-02-16 09:04:30', '2023-02-16 09:04:30'),
('08e25a522cbc09a7e60e004e966d928967f4186f319decbd8d9c4e90699b26c2d52e69f87942e748', 4, 1, 'MyApp', '[]', 0, '2022-02-11 16:49:31', '2022-02-11 16:49:31', '2023-02-11 11:49:31'),
('096eaf2002b3bfca935ca56840cfb615aab72c8b286bd74c4f3a22d795030ff48a73b776ea2434f0', 5, 1, 'MyApp', '[]', 0, '2022-02-14 07:19:57', '2022-02-14 07:19:57', '2023-02-14 07:19:57'),
('09f9059bcd9805c3303754cc2785061699f1281eb60831051f16b61326dfb703d8dd3988c52300f9', 6, 1, 'MyApp', '[]', 0, '2022-02-16 10:44:50', '2022-02-16 10:44:50', '2023-02-16 10:44:50'),
('0aec16a602efb5f49e63567c2b741f50f301a85e3a0ea506e1159685774fb09712c3446b96afe2be', 3, 1, 'MyApp', '[]', 0, '2022-02-18 12:34:01', '2022-02-18 12:34:01', '2023-02-18 12:34:01'),
('0b084ad086bbce428706871d2de29bec99cf3c2ae5a2e32610d47e1b5f59bd57af9459e3def71aca', 38, 1, 'MyApp', '[]', 0, '2022-02-10 18:01:41', '2022-02-10 18:01:41', '2023-02-10 13:01:41'),
('0b4123b20c4f3c980ed06613d959b634235963b190cac7e5d80b82bbf31849c819dabc4781fefb58', 3, 1, 'MyApp', '[]', 1, '2022-02-21 11:50:53', '2022-02-21 11:50:53', '2023-02-21 11:50:53'),
('0efef33f037e98c3814ec796f82a4c2a17952f437965a5af0bd63e08ab481e955f87937890ecacb7', 27, 1, 'MyApp', '[]', 0, '2022-02-10 15:43:02', '2022-02-10 15:43:02', '2023-02-10 10:43:02'),
('10c5076f8cb884fc9f0c834d9dac9e23e31cf05927362bef80fe78251b8fa91f09cbacb3eace07ef', 6, 1, 'MyApp', '[]', 0, '2022-02-14 11:30:50', '2022-02-14 11:30:50', '2023-02-14 11:30:50'),
('1130ee10b014e1acb1c36a3f1d4a122a76b522a15e2047f3566cbdb3508ac767e41bc67f2eede874', 1, 1, 'API Token', '[]', 0, '2022-01-31 03:33:12', '2022-01-31 03:33:12', '2023-01-31 08:33:12'),
('11a5b5b99b406f88b355f88c08b6db86b4738194a5bdfed5a3a78a098744c0e972d2bf6ffba322cf', 6, 1, 'MyApp', '[]', 0, '2022-02-16 05:53:06', '2022-02-16 05:53:06', '2023-02-16 05:53:06'),
('122695483822e5fab812738489023e1596f89434c8ff2b29e5d25d30965b093d782c65ed86cfe8fc', 48, 1, 'MyApp', '[]', 0, '2022-02-17 12:07:01', '2022-02-17 12:07:01', '2023-02-17 12:07:01'),
('138cf9836277101d93dac1e6cb35d6fa8335f61cb61dd3e34dfe9c40af5506315b4174d2679da850', 21, 1, 'MyApp', '[]', 0, '2022-02-10 13:55:45', '2022-02-10 13:55:45', '2023-02-10 08:55:45'),
('14c61fac922a183b8d006e2a9bb2e5281b072b94c6bc2ec51836057b81895b3991b90086bd126ad6', 4, 1, 'MyApp', '[]', 0, '2022-02-11 17:59:08', '2022-02-11 17:59:08', '2023-02-11 12:59:08'),
('168f69a9ebf7f663caaa267a15f47a1c0f7a789f6b32354bad884df9ef3b74ab6f0e06b3d0fe2ffb', 6, 1, 'MyApp', '[]', 0, '2022-02-15 10:48:47', '2022-02-15 10:48:47', '2023-02-15 10:48:47'),
('186abf3143c8fe2c07b2d8ad919f7cc12d1aaae76773e8518a3dd087a778939d79d365c86e0101d7', 1, 1, 'API Token', '[]', 0, '2022-01-31 18:04:07', '2022-01-31 18:04:07', '2023-01-31 13:04:07'),
('1c6575b745d4c6d4b183d540c2f46ecb779cc8498dc53d63c72fd637b2ec6f7a9bd36e4a46aec21e', 53, 1, 'MyApp', '[]', 0, '2022-02-17 12:56:05', '2022-02-17 12:56:05', '2023-02-17 12:56:05'),
('1d8141f77cdeb705d21d8cb94a0765e5cdf8e438e68dfe5c3a2e4183b84a6d8aa8a8857a51f5ab7b', 6, 1, 'MyApp', '[]', 0, '2022-02-14 12:11:33', '2022-02-14 12:11:33', '2023-02-14 12:11:33'),
('1d94b19d6887b1861d75fe5a08a6548e8be19867431836fecbcb2b1361e97c43c7ac5b79cccc1194', 6, 1, 'MyApp', '[]', 0, '2022-02-16 07:44:14', '2022-02-16 07:44:14', '2023-02-16 07:44:14'),
('1fe0c5beba8a83d6f7dfe0d22bd75c45faecb80b8aca427b073ad492cccd19f635fffc2822b7e7e0', 20, 1, 'MyApp', '[]', 0, '2022-02-10 17:52:35', '2022-02-10 17:52:35', '2023-02-10 12:52:35'),
('24440ccd84465a552ee3a3b04839f34458c7fdae9e402db83f41b92d7a5ef8b1d1cbba2a33a8947c', 6, 1, 'MyApp', '[]', 0, '2022-02-14 12:03:16', '2022-02-14 12:03:16', '2023-02-14 12:03:16'),
('26d0c4f189776da66a4e00f53e3ba9494657e54afa373390a43616bd86c3221c278794aeffd79fcd', 6, 1, 'MyApp', '[]', 0, '2022-02-16 08:03:07', '2022-02-16 08:03:07', '2023-02-16 08:03:07'),
('270d12e25d94cd4355f3b50a5fb2c818cb78083d15f6bb29b9e1d7faed7b1d86703c24bf9e20ad46', 20, 1, 'MyApp', '[]', 0, '2022-02-11 13:37:07', '2022-02-11 13:37:07', '2023-02-11 08:37:07'),
('283a13a17ddff06e16d04a767c4846c194f7a50b4976a1479e4faac24a83d9e0abf8a95186fe3110', 27, 1, 'MyApp', '[]', 0, '2022-02-10 15:38:59', '2022-02-10 15:38:59', '2023-02-10 10:38:59'),
('2aaa728c40a35d21611b08402bbfe72effec64f18ede1d58f49e4fd984b76a1a1276bc8cba7cfca1', 27, 1, 'MyApp', '[]', 0, '2022-02-10 15:43:02', '2022-02-10 15:43:02', '2023-02-10 10:43:02'),
('2b5f8279e8c90e2422eb25ee7c4f754173b8f3f7355ba2397b5c95cfc95594c46ca8ab899ef983ed', 4, 1, 'MyApp', '[]', 0, '2022-02-11 17:03:00', '2022-02-11 17:03:00', '2023-02-11 12:03:00'),
('2e3259ce59dadb42ec2b7ce630e5dca8611bc2906b1d32c4e9608667cf3ffcb9d8c97bc6bdf46e8d', 3, 1, 'MyApp', '[]', 1, '2022-02-21 07:39:43', '2022-02-21 07:39:43', '2023-02-21 07:39:43'),
('30ef56eae0c48b9a83fd1f5b461629f5475bf29966f53a4e79afe7960bdb0dfc81bc74b5a506995d', 15, 1, 'MyApp', '[]', 0, '2022-02-10 10:23:14', '2022-02-10 10:23:14', '2023-02-10 05:23:14'),
('361d4c4969b3fafa8a412eb6ef9289f93e9206a656d44d3f27a839ec56af93c126de767f83bca83d', 3, 1, 'MyApp', '[]', 0, '2022-02-16 12:31:25', '2022-02-16 12:31:25', '2023-02-16 12:31:25'),
('3802f876a2553f1fa13d533a74208c4af2f3def47db1332a879181ce22460a2d5db5fa265ced3b57', 9, 1, 'MyApp', '[]', 0, '2022-02-08 17:50:30', '2022-02-08 17:50:30', '2023-02-08 12:50:30'),
('3853868ad8880cf9c7e3aad5af9fcb8052cfea22d16101cf9f28c601fc88dfd7cbdfffbb25827690', 1, 1, 'MyApp', '[]', 0, '2022-02-01 13:44:13', '2022-02-01 13:44:13', '2023-02-01 08:44:13'),
('388a6aa9e2ac7af6b85afb808195e7bedef0990cb804111c706fdddaeeb625c08a093b1ab9a485c9', 12, 1, 'MyApp', '[]', 0, '2022-02-09 17:29:04', '2022-02-09 17:29:04', '2023-02-09 12:29:04'),
('389f6f17ed475ccd6de86cab5d02d3bdede1efe86f8bed8b109cc00828587bd1e119b1c0394b88a9', 24, 1, 'MyApp', '[]', 0, '2022-02-10 15:27:17', '2022-02-10 15:27:17', '2023-02-10 10:27:17'),
('39c86e2b79fef5a8ed2ec22f58e2816da229b2718389f21783a6459c17c4787fff0be21971b8ab50', 1, 1, 'MyApp', '[]', 0, '2022-02-02 11:23:59', '2022-02-02 11:23:59', '2023-02-02 06:23:59'),
('39de16870837b6a9de9d118c17b146c086b192a86af09f8ac433691d6abf57e43289cc395f197bce', 6, 1, 'MyApp', '[]', 0, '2022-02-14 12:33:05', '2022-02-14 12:33:05', '2023-02-14 12:33:05'),
('3aa062599cc8d626786e65b793d415ec7c2eac905af3a7dc3febb3bf991370c8d6e1426fc26e9033', 1, 1, 'MyApp', '[]', 0, '2022-02-02 11:20:05', '2022-02-02 11:20:05', '2023-02-02 06:20:05'),
('3b7056abde9beadb4a062403cafcdd7d03f539e1d809a9910eec709cf45554bbbbe251f874223c59', 29, 1, 'MyApp', '[]', 0, '2022-02-10 15:48:00', '2022-02-10 15:48:00', '2023-02-10 10:48:00'),
('406c60c52745128c400955a522f4ea389410ab9f2f6de43504811fada0f679fc655fa3dec7dd0639', 45, 1, 'MyApp', '[]', 0, '2022-02-17 06:53:38', '2022-02-17 06:53:38', '2023-02-17 06:53:38'),
('407e18828f7418630febd022eb2a56edceec399a0b675f63449e31c4131e626e74eb51e5112a2c38', 0, 1, 'MyApp', '[]', 0, '2022-02-11 16:47:30', '2022-02-11 16:47:30', '2023-02-11 11:47:30'),
('409ff8d56e6f9f6cbbbbea4945d93c986c59fde619f863a6a82dc2371c565dc6632f03f359ba9602', 6, 1, 'MyApp', '[]', 0, '2022-02-14 11:06:52', '2022-02-14 11:06:52', '2023-02-14 11:06:52'),
('419d5a174d13058df2a3c8b7e29cc296a38ac57e5d34a3512de570c6a7dd41a36e38e27a1c15a16c', 7, 1, 'MyApp', '[]', 0, '2022-02-02 17:48:57', '2022-02-02 17:48:57', '2023-02-02 12:48:57'),
('41bdd3f4408c62fc3163278d8c19118c45fbd5e0d451ce1f4f71047d49eca0fd41259ba94e3d41d4', 0, 1, 'MyApp', '[]', 0, '2022-02-11 16:30:11', '2022-02-11 16:30:11', '2023-02-11 11:30:11'),
('4256c5d3a6a795b721994c6d8c106ac8ab5c4155da2ab336dbfd5ae4463e0441dab5087927679829', 6, 1, 'MyApp', '[]', 0, '2022-02-14 11:47:56', '2022-02-14 11:47:56', '2023-02-14 11:47:56'),
('43790f4cc4186092ffd5ab7cebf260a5394453a7c2f98929803ab4c8ffa977a28c2554ed23aba10b', 1, 1, 'MyApp', '[]', 0, '2022-02-01 15:34:49', '2022-02-01 15:34:49', '2023-02-01 10:34:49'),
('438a30e9d4ef6b569457dab7790fc867a71ee0249c81b9aa2af15be1f4db6ab79fc86b163dfeb146', 4, 1, 'MyApp', '[]', 0, '2022-02-02 17:46:10', '2022-02-02 17:46:10', '2023-02-02 12:46:10'),
('43c02b2269a8d58f505b7544fd0ff6006916a93ff82812355ce37c5a1fe2903cb4d347c79dda5fb6', 4, 1, 'MyApp', '[]', 0, '2022-02-11 16:55:53', '2022-02-11 16:55:53', '2023-02-11 11:55:53'),
('43d5d28742681b2226eb1c200842df179dad2b5fa70b9a8ea88e4142181c6325e7ab3d14e69f52f8', 38, 1, 'MyApp', '[]', 0, '2022-02-10 18:01:01', '2022-02-10 18:01:01', '2023-02-10 13:01:01'),
('43eb9e5b6df733be8b24c39044921753a5d17f6b4fd895e7b2fc97e162c56354fdf33d41c5aaabc4', 6, 1, 'MyApp', '[]', 0, '2022-02-16 11:25:48', '2022-02-16 11:25:48', '2023-02-16 11:25:48'),
('43f9c190aa4dfcfa0714aae5d2195bcb8dff70586c02774eb53ad3b8e3a8748b0ba908af40a609b3', 38, 1, 'MyApp', '[]', 0, '2022-02-10 18:06:41', '2022-02-10 18:06:41', '2023-02-10 13:06:41'),
('44e9d416fa924da6e9da2ce597f64d77ea29458e4fceb81e53c1a3b19db9b6b4bed6e2ef4c03eb99', 33, 1, 'MyApp', '[]', 0, '2022-02-10 17:01:28', '2022-02-10 17:01:28', '2023-02-10 12:01:28'),
('4836f9d7c973cc24a8193b070368888b517bbb2fd878a8416b36dbd67d57399e38fea08d8f62df86', 3, 1, 'MyApp', '[]', 0, '2022-02-17 06:25:50', '2022-02-17 06:25:50', '2023-02-17 06:25:50'),
('48b79cd10ed07f0cca34f8927b1a678d982e7564384d23760c213de26404228bcc1d50f942468402', 3, 1, 'MyApp', '[]', 0, '2022-02-21 11:56:22', '2022-02-21 11:56:22', '2023-02-21 11:56:22'),
('48bd98ac64798bf87f714fb3e66c3eb3ec4083c923ef6a570f2e7b9f5fdea62defcacb53ee0fe161', 20, 1, 'MyApp', '[]', 0, '2022-02-10 16:59:41', '2022-02-10 16:59:41', '2023-02-10 11:59:41'),
('48d92e7b1dffcf64347d57869a605a82573a670d471bb25f12e1632d17f7e26f173bf2b01f2823c5', 52, 1, 'MyApp', '[]', 0, '2022-02-17 12:40:40', '2022-02-17 12:40:40', '2023-02-17 12:40:40'),
('490ee8d9e86891f36a27fc3f8ba371935cbe96123a2da8688789eb763fc146555b6eddd4eb73d4e8', 28, 1, 'MyApp', '[]', 0, '2022-02-10 15:47:12', '2022-02-10 15:47:12', '2023-02-10 10:47:12'),
('4de94fe387f11da650539e7e10fdcd66fec98d4440059a17126ecbc47425708c373b0f2a03ce2629', 20, 1, 'MyApp', '[]', 0, '2022-02-10 13:55:35', '2022-02-10 13:55:35', '2023-02-10 08:55:35'),
('4f9b8aee8779dbed39da4816b0d6ec4364336653fc165faadec7533c8eba7cccdefb153bebed0526', 6, 1, 'MyApp', '[]', 0, '2022-02-16 07:34:00', '2022-02-16 07:34:00', '2023-02-16 07:34:00'),
('4fc3a7641c8e346736700cd1c1549267746b5fc65f4f506441b98b64cb868786babc1b0da155317e', 0, 1, 'MyApp', '[]', 0, '2022-02-11 16:17:26', '2022-02-11 16:17:26', '2023-02-11 11:17:26'),
('52a50240fdc34690c1ce0986266f104715ef8b05bbb78bbbaef6564a3996ba608e21f32e982cb3ff', 6, 1, 'MyApp', '[]', 0, '2022-02-15 07:12:41', '2022-02-15 07:12:41', '2023-02-15 07:12:41'),
('56f37a564fc904301b44b8d3694dcdca1641dcd39731f9c6412e3eaac7a2a9a308b75606fd796f38', 8, 1, 'MyApp', '[]', 0, '2022-02-02 17:51:10', '2022-02-02 17:51:10', '2023-02-02 12:51:10'),
('5799c9f18e08087f85a0d79b9451942c2f839b44ed7a2f5a525a8042255aece6d0c4807fa5d8a773', 6, 1, 'MyApp', '[]', 0, '2022-02-14 12:46:59', '2022-02-14 12:46:59', '2023-02-14 12:46:59'),
('57e7fc2efdacde905d339b2f2785c024eb3ae2ebb309796845c668c0475d8cab2064873b5028d669', 6, 1, 'MyApp', '[]', 0, '2022-02-14 11:47:45', '2022-02-14 11:47:45', '2023-02-14 11:47:45'),
('59bd30d6acc21a5df34a48d03dcc55dcd7d9bc4dc11dab8005656d35779d17864a8130088f6e5091', 37, 1, 'MyApp', '[]', 0, '2022-02-10 17:59:12', '2022-02-10 17:59:12', '2023-02-10 12:59:12'),
('5a547e90566898b43f72701fde6234c2b6d838fd933d83918faedccd2d8a86005c4282e310c08f89', 6, 1, 'MyApp', '[]', 0, '2022-02-16 07:51:15', '2022-02-16 07:51:15', '2023-02-16 07:51:15'),
('5cf9f7a1f62cfe8bb202cd9d86039b3f46bbb5195d5384a753b4c2bf39bdcd9aaca5bd9f09e3bd30', 0, 1, 'MyApp', '[]', 0, '2022-02-11 16:18:57', '2022-02-11 16:18:57', '2023-02-11 11:18:57'),
('5fadf2594d9d330a4091021e392740c0428db912c05e7b41d476b4d60983c44467214457d36f84a2', 6, 1, 'MyApp', '[]', 0, '2022-02-14 11:30:11', '2022-02-14 11:30:11', '2023-02-14 11:30:11'),
('601c36f89fbc827acca8e2d363f8af37fa67d5ec14015568f552e3f55cb183e8b6d35384441a2a39', 1, 1, 'MyApp', '[]', 0, '2022-02-02 11:03:19', '2022-02-02 11:03:19', '2023-02-02 06:03:19'),
('60e978af0a864c619522e71e96314f9558ad06c8cebc793bc804e2de2c3739d47b702260bd30c334', 3, 1, 'MyApp', '[]', 0, '2022-02-02 15:18:14', '2022-02-02 15:18:14', '2023-02-02 10:18:14'),
('61004de1c9a756fe17e2fc523e302e392113c4de76fd2ca6bdd8006bc7371a2f74024d9af13c3f71', 45, 1, 'MyApp', '[]', 0, '2022-02-17 06:53:20', '2022-02-17 06:53:20', '2023-02-17 06:53:20'),
('62d333a62ffab0329d83c417c3cbc51c9e70b428a4875ba6ae9d206cb9f0f847b23f61ceaa0b0cb2', 4, 1, 'MyApp', '[]', 0, '2022-02-11 17:58:57', '2022-02-11 17:58:57', '2023-02-11 12:58:57'),
('638df7e7627e177d7e7e15520c8c6ef6335cfb88e97d782a5234eadef311c43eb58b2e7bffff5c66', 6, 1, 'MyApp', '[]', 0, '2022-02-02 17:48:48', '2022-02-02 17:48:48', '2023-02-02 12:48:48'),
('651995926d563f4a2fdd8b3af98cb037fa8eae2f40c65f1ccbfab1871c9b631089bf237eeeddba5f', 30, 1, 'MyApp', '[]', 0, '2022-02-10 16:14:08', '2022-02-10 16:14:08', '2023-02-10 11:14:08'),
('658110b9ae69efe8e24d87f22ad981f395c007bb1d2d362e01fe87295cc49b6bf76f032225b4043e', 37, 1, 'MyApp', '[]', 0, '2022-02-10 17:58:36', '2022-02-10 17:58:36', '2023-02-10 12:58:36'),
('65d65c22393ce6ead9924bb4ec12696c8281e4d97a2b14da45bc3bf38e19f6b2c6d1e477597289eb', 20, 1, 'MyApp', '[]', 0, '2022-02-11 10:01:21', '2022-02-11 10:01:21', '2023-02-11 05:01:21'),
('665693a81535e5434c818c08d420af347684b34f7c2ba1c03d70ef655b4f995bb3beedb1cc9c8a8a', 592, 1, 'MyApp', '[]', 0, '2022-02-11 16:20:26', '2022-02-11 16:20:26', '2023-02-11 11:20:26'),
('67ff73183fcc573d6d9d7892b54ba1235422fac3a60b38bd6f9d26db8df409062dc3b48455ed2a45', 11, 1, 'MyApp', '[]', 0, '2022-02-09 16:22:27', '2022-02-09 16:22:27', '2023-02-09 11:22:27'),
('69ef1584ef10fe594accb709415bf4076673720c6aaa8e47e90b36613b3283158f65f260759715e7', 3, 1, 'MyApp', '[]', 0, '2022-02-02 17:53:11', '2022-02-02 17:53:11', '2023-02-02 12:53:11'),
('6c51e186ca857bd0193998c9519e13b6e4df200e5e4077da58a1f01ebd9c5d48384aae2f89c59934', 51, 1, 'MyApp', '[]', 0, '2022-02-17 12:40:17', '2022-02-17 12:40:17', '2023-02-17 12:40:17'),
('6dc4fcb052ba4a17688cd821196dc5360f1ea321f8026088a321b037b140d801a01861aa04dd3558', 6, 1, 'MyApp', '[]', 0, '2022-02-14 11:32:03', '2022-02-14 11:32:03', '2023-02-14 11:32:03'),
('6dce21fb757cc58b127a29ee00a5c04a01d914dc307176c19c1bcf9fc2be5be545da160ed48ecefb', 6, 1, 'MyApp', '[]', 0, '2022-02-14 11:40:10', '2022-02-14 11:40:10', '2023-02-14 11:40:10'),
('6e106641ca9e03b9ae1d5fdf7fbb03aa97d47ae7f704dd4d01a36822fe428b6b1dcece255d1f41e6', 6, 1, 'MyApp', '[]', 0, '2022-02-16 08:26:49', '2022-02-16 08:26:49', '2023-02-16 08:26:49'),
('6e6e8aa910ef3381afd1b832552aab17567036a9102d49206f450429cd9b9c35a1d5f555ffa79592', 6, 1, 'MyApp', '[]', 0, '2022-02-16 08:38:50', '2022-02-16 08:38:50', '2023-02-16 08:38:50'),
('6f2ed69583a09a0670e9f867476269b34b9b5b4cac4464a06d21f0d0c21194673df131cf922f7e8e', 6, 1, 'MyApp', '[]', 0, '2022-02-16 11:35:27', '2022-02-16 11:35:27', '2023-02-16 11:35:27'),
('6f59f6972b61e1b91301d45d9aaebaccf0f54f305572f64c74bd767ba461040b03411cce115ef854', 58, 1, 'MyApp', '[]', 0, '2022-02-21 12:42:25', '2022-02-21 12:42:25', '2023-02-21 12:42:25'),
('7015add8a47edd8b22722c1f820f376898d65df764003db9c2c5d7fdcf090342cd80c08b73bb8c7c', 54, 1, 'MyApp', '[]', 0, '2022-02-17 12:56:42', '2022-02-17 12:56:42', '2023-02-17 12:56:42'),
('7158e639a85b2cf8c4804a140feb2c177885ce8d3946d5dc7cbc2a74b8c150ea86fc7d585f674dc8', 6, 1, 'MyApp', '[]', 0, '2022-02-16 06:18:30', '2022-02-16 06:18:30', '2023-02-16 06:18:30'),
('738f1ba4093d7f25353608ab97c64914df2f5867dbcc9aa45fd1bf15e9d374738ea2f0d9b0fa14fb', 27, 1, 'MyApp', '[]', 0, '2022-02-10 15:43:28', '2022-02-10 15:43:28', '2023-02-10 10:43:28'),
('739dbb9a1f76931607cdaac827d1b6cc3f932530188b253522ab1fa8fd49e40565481bb6808e3f76', 1, 1, 'API Token', '[]', 0, '2022-01-31 18:03:48', '2022-01-31 18:03:48', '2023-01-31 13:03:48'),
('74197000376b57e890820cc980f1d5d5915334cfac9463c953ac738899699db90d27d5886a5c3344', 20, 1, 'MyApp', '[]', 0, '2022-02-11 13:50:59', '2022-02-11 13:50:59', '2023-02-11 08:50:59'),
('773d2f62579cf03d758f8b861b48ad0ed0eb1126a11754e962863b61c2d7ee1fe056c7e0489ecd7b', 6, 1, 'MyApp', '[]', 0, '2022-02-14 12:42:52', '2022-02-14 12:42:52', '2023-02-14 12:42:52'),
('77dbf3c9d8d9d49bffff46906854ff068ea62b96d290e768679b2f9e5472afc6bf3753af4c0dd8db', 0, 1, 'MyApp', '[]', 0, '2022-02-11 16:30:36', '2022-02-11 16:30:36', '2023-02-11 11:30:36'),
('79923ef1c29dfaab1853d7929f53718ec9c6471602a3658d8c084d9975f7605f7810cf32cb3b0333', 38, 1, 'MyApp', '[]', 0, '2022-02-10 18:06:42', '2022-02-10 18:06:42', '2023-02-10 13:06:42'),
('79e7483de092e6d692ef29ba47528c1d23ffcfb7e2742acec049b40bc3bb005de3fe8c4c7d1d1eba', 6, 1, 'MyApp', '[]', 0, '2022-02-15 12:40:06', '2022-02-15 12:40:06', '2023-02-15 12:40:06'),
('7a1e0a72560ba55a0f2779f144ed7d26a67e65e0dca76005626cbd4d9e86affe50ffefb0f98a6f43', 6, 1, 'MyApp', '[]', 0, '2022-02-16 09:03:08', '2022-02-16 09:03:08', '2023-02-16 09:03:08'),
('7bdfec9a7750c0f5424a757deb40036f709c53657dfe9dcc735055bd901bc860fd653e5492a76d4b', 23, 1, 'MyApp', '[]', 0, '2022-02-10 13:57:34', '2022-02-10 13:57:34', '2023-02-10 08:57:34'),
('7fdf3ca4fa836d1ed4af6688623618355c67a7994e2361a46dc08aa737602d831cb11466e5e559a3', 6, 1, 'MyApp', '[]', 0, '2022-02-21 11:53:02', '2022-02-21 11:53:02', '2023-02-21 11:53:02'),
('815bd5cda2e7873b667db7580d9ac6933e309e482719e8570f9b166a02591900541ea5cbdcf5faf4', 6, 1, 'MyApp', '[]', 0, '2022-02-14 10:20:13', '2022-02-14 10:20:13', '2023-02-14 10:20:13'),
('838c58082c7f2228303f15c153c88c93d64dd9336c9148a108db4cc1ece10bf12d1fd9cc84a5abd2', 1, 1, 'API Token', '[]', 0, '2022-01-31 03:37:03', '2022-01-31 03:37:03', '2023-01-31 08:37:03'),
('88e964cff642d0224de0decc7393ed7f77941962d19410cbe2f32b80624848cf4a8fcd5816279563', 4, 1, 'MyApp', '[]', 0, '2022-02-11 16:50:45', '2022-02-11 16:50:45', '2023-02-11 11:50:45'),
('89682a619170083f5c87b82c848055b43db0e0cd325a1321efb853a3fe066180d7dd2833615313e3', 3, 1, 'MyApp', '[]', 0, '2022-02-21 09:01:10', '2022-02-21 09:01:10', '2023-02-21 09:01:10'),
('897232e5b91a7ad03762a9d252e2fbd98389ca9e206ccdcc939e469b3d0777215c7a97f830c06e0c', 14, 1, 'MyApp', '[]', 0, '2022-02-09 17:38:23', '2022-02-09 17:38:23', '2023-02-09 12:38:23'),
('8a418546d7a254068b62e3f7db9f4edca582fd48ba5360fe47158f55cbb78abec2bd90698a22821e', 27, 1, 'MyApp', '[]', 0, '2022-02-10 15:31:16', '2022-02-10 15:31:16', '2023-02-10 10:31:16'),
('8b3c31b4152ee8be3a382587b44a94d4442fdee5c114def2543fa1aa491fef12849888810993b2f0', 6, 1, 'MyApp', '[]', 0, '2022-02-15 12:24:07', '2022-02-15 12:24:07', '2023-02-15 12:24:07'),
('8cf8aa844de336f0dc78cac5ee6c388a868ed720fcbb1792cbc7483c2593a76bfc3c4e784d70b06c', 5, 1, 'MyApp', '[]', 0, '2022-02-02 17:48:42', '2022-02-02 17:48:42', '2023-02-02 12:48:42'),
('8ee1628dce2878df44c9dfb80ec5a2649dd312a07ed626d6a53cd1a2d6c9d9a20ee43b43e19657a0', 6, 1, 'MyApp', '[]', 0, '2022-02-14 12:33:27', '2022-02-14 12:33:27', '2023-02-14 12:33:27'),
('8f32dca3ca8034406b135e7d7d74b723ca8400077da71ae46c8e1be3eef42d9e70e72904e8aa8575', 1, 1, 'MyApp', '[]', 0, '2022-02-01 15:39:35', '2022-02-01 15:39:35', '2023-02-01 10:39:35'),
('8f5a326212e529ed3d37a327056ce7de060d1e153b7caef1f642708ca88c713e806edf83805bfc20', 47, 1, 'MyApp', '[]', 0, '2022-02-17 12:04:07', '2022-02-17 12:04:07', '2023-02-17 12:04:07'),
('91280ce7dd7c5397972169728659c15360579bd09506d675732b0419e9f88356804b8b258e40ca1c', 1, 1, 'MyApp', '[]', 0, '2022-02-02 12:19:07', '2022-02-02 12:19:07', '2023-02-02 07:19:07'),
('927d76329659df0c5ff529301d49dcde0b9bfc80d81e06d636d9544f005b3accb0aa4c9b84b5f805', 6, 1, 'MyApp', '[]', 0, '2022-02-14 12:43:41', '2022-02-14 12:43:41', '2023-02-14 12:43:41'),
('928b6d6d25aad1a728af3170fbb35c3305fbd174c4009698d700de5d071f40d9ac8a984a57804988', 6, 1, 'MyApp', '[]', 0, '2022-02-14 12:02:35', '2022-02-14 12:02:35', '2023-02-14 12:02:35'),
('94b78321cfc5628518bea5e21b01c1d1a16c14901c66cfe85979f560f610a511cd55156623beafe9', 1, 1, 'MyApp', '[]', 0, '2022-02-10 13:34:56', '2022-02-10 13:34:56', '2023-02-10 08:34:56'),
('95859123fd68981e0411d43e350ca3e0718077ed0fe59b29e881d6cd1a876e70d17dd5de98476fec', 4, 1, 'MyApp', '[]', 0, '2022-02-11 16:56:19', '2022-02-11 16:56:19', '2023-02-11 11:56:19'),
('97403711f1000d15ef5421a65673f7c9132d93a57db2824ccc97f1d4028a2200dde86ea415e164f8', 3, 1, 'MyApp', '[]', 0, '2022-02-18 05:21:03', '2022-02-18 05:21:03', '2023-02-18 05:21:03'),
('98667be61bd3aaffb0478076039906c63d4bbd446aab3cda9d18c3b5e58c47378755ca0202f450ef', 41, 1, 'MyApp', '[]', 0, '2022-02-11 13:07:39', '2022-02-11 13:07:39', '2023-02-11 08:07:39'),
('98b67881af7a9e588498a719fbeb15010e45ac930866e25e60fef62b08c5243b4e1f8e071240dd9a', 4, 1, 'MyApp', '[]', 0, '2022-02-11 16:54:57', '2022-02-11 16:54:57', '2023-02-11 11:54:57'),
('995722a78c90e4a64a30e780d38d1b35b8a73bab201c3d48c846b1652e05bf5c3df9f9c0a701219b', 27, 1, 'MyApp', '[]', 0, '2022-02-10 15:33:06', '2022-02-10 15:33:06', '2023-02-10 10:33:06'),
('9c150ad6ff0e9bc53f6603f4116ce2a0fbf1e62ffb12246f0ef733e514ac7eeec6ad35bd2eba2e7d', 27, 1, 'MyApp', '[]', 0, '2022-02-10 15:43:02', '2022-02-10 15:43:02', '2023-02-10 10:43:02'),
('9d625d56264c8e5ec7c6df6c80c5b3631845f7d3caaa9db888621c006074c84ad24f18ceb1545bdb', 18, 1, 'MyApp', '[]', 0, '2022-02-10 13:30:50', '2022-02-10 13:30:50', '2023-02-10 08:30:50'),
('a0625ab15f05c520dc7fb7a86ecec394e5128ef72480ec21e89270687d87cdcbaf0d181b6c666abe', 10, 1, 'MyApp', '[]', 0, '2022-02-11 16:32:55', '2022-02-11 16:32:55', '2023-02-11 11:32:55'),
('a063ef50a2b8847ae93a87eaa11d894b58e2d65b55cf3b1d819ea884fd9a832c17c02f4ad3ddf26e', 6, 1, 'MyApp', '[]', 0, '2022-02-16 11:19:27', '2022-02-16 11:19:27', '2023-02-16 11:19:27'),
('a06779e7665780696926172d2e9c20c44ab3cab751df78a9454e97c6b7d25536cc82c3b17cd5fe44', 49, 1, 'MyApp', '[]', 0, '2022-02-17 12:24:49', '2022-02-17 12:24:49', '2023-02-17 12:24:49'),
('a13e19a55c339145a1c919ab38d26db1efc3ccfffc16e65b7d7d1747509ec9573d7abfcf206deaae', 592, 1, 'MyApp', '[]', 0, '2022-02-11 16:26:24', '2022-02-11 16:26:24', '2023-02-11 11:26:24'),
('a1aa59cc4830f2497e8392050035887e5e6721ea73cf3f8f0679828f3cf7f099bcc1bf0230a9992e', 4, 1, 'MyApp', '[]', 0, '2022-02-11 16:52:09', '2022-02-11 16:52:09', '2023-02-11 11:52:09'),
('a3bb0dffec4a3c8cbb9ccc57a5fbc31424cecc3a8f5f73e8ef8b32803c18539f6c1b1f102262d293', 6, 1, 'MyApp', '[]', 0, '2022-02-14 11:22:58', '2022-02-14 11:22:58', '2023-02-14 11:22:58'),
('a44ce1fe1fbf82b8bcf271dd9e4bbd6d06e287c068bb8d9d9c72ec613c486c317813f1d6fdf7fa51', 20, 1, 'MyApp', '[]', 0, '2022-02-11 13:01:15', '2022-02-11 13:01:15', '2023-02-11 08:01:15'),
('a50fd259de763a5e2398ae8269a02010999896bec47bcaacf84cc79aa13bc38e628c209727518176', 6, 1, 'MyApp', '[]', 0, '2022-02-17 06:06:38', '2022-02-17 06:06:38', '2023-02-17 06:06:38'),
('a6b6d67cb4e1fab7d08f1173cd464f7fe440550134865ed21d0137932f0e05ad3e69142da9d69413', 6, 1, 'MyApp', '[]', 0, '2022-02-16 11:06:37', '2022-02-16 11:06:37', '2023-02-16 11:06:37'),
('a703cfc30eb0c1159044fadcfa01eae8da5585d7c1331abeaf231afde75e09c65b3e2934734bed7e', 6, 1, 'MyApp', '[]', 0, '2022-02-14 11:41:07', '2022-02-14 11:41:07', '2023-02-14 11:41:07'),
('a7ff139703cbd065ac8ee86ad230cbabca718174cc98064912c5bf8ee28b9dfe4819876a7404e261', 42, 1, 'MyApp', '[]', 0, '2022-02-11 13:52:15', '2022-02-11 13:52:15', '2023-02-11 08:52:15'),
('a908647f11d69e1df803c895728bbc3b7b1fc5a924bdf0894b868666674cc1aecc4a6c4c229d2822', 11, 1, 'MyApp', '[]', 0, '2022-02-09 16:22:54', '2022-02-09 16:22:54', '2023-02-09 11:22:54'),
('a939493ebba084c451b7b1a0f41cc4c245af757775d1ff7c9923a5b1a6d91c55edc6058034feb02a', 1, 1, 'MyApp', '[]', 0, '2022-02-02 12:33:35', '2022-02-02 12:33:35', '2023-02-02 07:33:35'),
('abe28132cc1559412417d3c92b4c3020a8c4c411f7d6595df608d7bbaa171f6206800e60861d48b0', 35, 1, 'MyApp', '[]', 0, '2022-02-10 17:55:29', '2022-02-10 17:55:29', '2023-02-10 12:55:29'),
('ac348beedde5ac0d497a52e6f42fb9fdee31aec4e81edea31b76c979423cfd7be19151fb63aa02ce', 40, 1, 'MyApp', '[]', 0, '2022-02-11 12:31:55', '2022-02-11 12:31:55', '2023-02-11 07:31:55'),
('ac89691edda537ccf310e8e23ad2d9ff439e49de9157e7b6a238f8e9d585e977e2970864bf6e7dc0', 4, 1, 'MyApp', '[]', 0, '2022-02-11 16:55:24', '2022-02-11 16:55:24', '2023-02-11 11:55:24'),
('b03279a13abbb4f805b2ffbf85493ca844bf3e169a8684f68725277fa83ab0449c8db6bf080c34ef', 4, 1, 'MyApp', '[]', 0, '2022-02-11 16:51:33', '2022-02-11 16:51:33', '2023-02-11 11:51:33'),
('b06eeebd247183d938872def2e29e07c4954380eb0fdc385cc1d51e4a881df1d4a8af6b5f7b803ef', 6, 1, 'MyApp', '[]', 0, '2022-02-17 05:50:08', '2022-02-17 05:50:08', '2023-02-17 05:50:08'),
('b1030856640bf3c2d5fdf43df635ecedbfd55c1fc4a88cfa196a9dbe492903c2ff563cfd6f9a9ccd', 4, 1, 'MyApp', '[]', 0, '2022-02-11 16:49:17', '2022-02-11 16:49:17', '2023-02-11 11:49:17'),
('b1b8570db048501dd0e426e0f01ed2aa43c122cb5937ef169016274b2c43aae79101e7245f0bfdf0', 6, 1, 'MyApp', '[]', 0, '2022-02-16 08:31:30', '2022-02-16 08:31:30', '2023-02-16 08:31:30'),
('b32fa0c97db8f034b9aa56f583a026e205617e5a364959b392580abfaca2845278decd78fb1b5ddb', 6, 1, 'MyApp', '[]', 0, '2022-02-16 12:52:03', '2022-02-16 12:52:03', '2023-02-16 12:52:03'),
('b531570fb282ce02d39b1cd589e65d255d68443ae9d83c1e22f114b6d6c2a78c1b9be9fe1727b33e', 35, 1, 'MyApp', '[]', 0, '2022-02-10 17:54:50', '2022-02-10 17:54:50', '2023-02-10 12:54:50'),
('b6a281aa1387a55dfb3ccc3e1595183e2bf53a3491da31603df33f313368718e02ceafd4ca503f07', 4, 1, 'MyApp', '[]', 0, '2022-02-11 16:55:30', '2022-02-11 16:55:30', '2023-02-11 11:55:30'),
('b6a5e787b7dfa543860874addfa9332596b4639d6d876222a5bfcdfe7349493392d8e2bec6360170', 26, 1, 'MyApp', '[]', 0, '2022-02-10 15:29:48', '2022-02-10 15:29:48', '2023-02-10 10:29:48'),
('b848e9e9bbd1312a66dc91988bf7a8226acdc4b4fd7b617e3ea267b07227a5871f20ab22b3793ea1', 5, 1, 'MyApp', '[]', 0, '2022-02-14 07:08:42', '2022-02-14 07:08:42', '2023-02-14 07:08:42'),
('b8e67d7d39f771ed33f8102b8c6da67536376fb3222b0a08f33f46e7c6bd6b049a204715e37efb19', 55, 1, 'MyApp', '[]', 0, '2022-02-21 06:51:51', '2022-02-21 06:51:51', '2023-02-21 06:51:51'),
('bcae4fb9fd27c4af7fac2d7c07bde7f9f28ea884172f44d1829cfd92826f2aa242ab8e0ac4f3efbe', 6, 1, 'MyApp', '[]', 0, '2022-02-15 07:10:10', '2022-02-15 07:10:10', '2023-02-15 07:10:10'),
('bceb3b4e7269113f9baf45476690310c46ff64447fc668124d74bfd371cd3f9635ca0881b8a57e7b', 6, 1, 'MyApp', '[]', 0, '2022-02-15 06:47:40', '2022-02-15 06:47:40', '2023-02-15 06:47:40'),
('be2e6554d54890defca3cad9e1e54646e5c11f3abe8899e0f12550c1c888a070ad287f10969f0ea8', 20, 1, 'MyApp', '[]', 0, '2022-02-10 13:46:46', '2022-02-10 13:46:46', '2023-02-10 08:46:46'),
('bfc0414c56ecaa3e75e480ec7f10f54de190268edbfb53bf8a86a4a4b38f0a40c5ebc48a03658858', 20, 1, 'MyApp', '[]', 0, '2022-02-10 13:47:09', '2022-02-10 13:47:09', '2023-02-10 08:47:09'),
('bfd54d78b5a963a02c62c39fa46d90d679567d1239a5f8ca1f7924637beb26021335a711fd9da5c4', 31, 1, 'MyApp', '[]', 0, '2022-02-10 16:27:24', '2022-02-10 16:27:24', '2023-02-10 11:27:24'),
('c043eb3aa1bab90ad5c92128721d921763f2481625e59039e1690b8cde90ae1e99d5e7079b4a9424', 6, 1, 'MyApp', '[]', 0, '2022-02-16 10:16:07', '2022-02-16 10:16:07', '2023-02-16 10:16:07'),
('c1962e0de2abb250b06224cd6ca169a8b3d8630d01617d14ca4441d9adcffa4be1568d94ef85602b', 3, 1, 'MyApp', '[]', 0, '2022-02-16 07:11:34', '2022-02-16 07:11:34', '2023-02-16 07:11:34'),
('c1a07aad4cd2ce0f54c57a7d4e972547424d95ec55e9bd61df7b2dba6ee6b4dc1f45ed7ad7b50012', 3, 1, 'MyApp', '[]', 0, '2022-02-11 17:36:52', '2022-02-11 17:36:52', '2023-02-11 12:36:52'),
('c356a5868af64921e2dd99bfcc121b8d0c5295a674c9e6d369476535a5cdbc3b7cf5c2810f3bdcbf', 32, 1, 'MyApp', '[]', 0, '2022-02-10 16:45:47', '2022-02-10 16:45:47', '2023-02-10 11:45:47'),
('c401c547772b2a7083663625f1030beed63c297c0afbce326ee671258bd31d99036535ef5566b463', 6, 1, 'MyApp', '[]', 0, '2022-02-16 11:55:52', '2022-02-16 11:55:52', '2023-02-16 11:55:52'),
('c4b2acee438a4a91ed0581e2b1acb2a8c3abde92634a0fe5cbe71aa618e19cd9f8f584feae5adc80', 39, 1, 'MyApp', '[]', 0, '2022-02-11 10:03:30', '2022-02-11 10:03:30', '2023-02-11 05:03:30'),
('c4da822cf68f5728e99c471f991a0a6bcbc5e3ca011b4f35ede9d4f1114ec398e093b145cee6535a', 6, 1, 'MyApp', '[]', 0, '2022-02-15 12:18:43', '2022-02-15 12:18:43', '2023-02-15 12:18:43'),
('c537d441a2b411c77ca90a187e1fefccea63c5acaf1ea110714f7b3213745455b776c1ba4452822a', 6, 1, 'MyApp', '[]', 0, '2022-02-16 07:39:42', '2022-02-16 07:39:42', '2023-02-16 07:39:42'),
('c68ff1fc186823b6c98d1fde9821b3bd34df5d8c4da42fc9b78efef4a31cd8d95d623985089c6b87', 6, 1, 'MyApp', '[]', 0, '2022-02-16 05:37:07', '2022-02-16 05:37:07', '2023-02-16 05:37:07'),
('c6e34fafee5c26027ef8dbd5062a7a49afdd94e592c57e4749e290c72d4f1e8041734e6a43b89d94', 1, 1, 'MyApp', '[]', 1, '2022-02-01 17:03:11', '2022-02-01 17:03:11', '2023-02-01 12:03:11'),
('c7cb746f4e62191f09c6ac45f8bf2decd973bd6cb13a96f283e8eeaa2fd8d268100a7a72a96c44a6', 1, 1, 'MyApp', '[]', 0, '2022-02-02 15:05:53', '2022-02-02 15:05:53', '2023-02-02 10:05:53'),
('c85a5a3b42f20f2c3d19ab08f6df1cc7ad76f6fb97ee92c02c99baa3453591a830ddb42758c032a5', 6, 1, 'MyApp', '[]', 0, '2022-02-16 10:17:41', '2022-02-16 10:17:41', '2023-02-16 10:17:41'),
('c8875dc7a11c9d3d9b8a18fd63368ad306f3a496216d760d677334b9abc8fcabe8f9654a78655833', 1, 1, 'MyApp', '[]', 0, '2022-02-01 15:40:10', '2022-02-01 15:40:10', '2023-02-01 10:40:10'),
('c954af74a0492ce1f245c3e1a8d7d58f7f919b8b265e82b42a8f7520ae4dad70b17b288d97be0c82', 6, 1, 'MyApp', '[]', 0, '2022-02-15 06:55:53', '2022-02-15 06:55:53', '2023-02-15 06:55:53'),
('cabedc359eb9cf8f88fb9bfdc6aaae7020ddf642b1105f6241e834f36bc31788132cb5bf437885fc', 16, 1, 'MyApp', '[]', 0, '2022-02-10 13:21:05', '2022-02-10 13:21:05', '2023-02-10 08:21:05'),
('cadc6f59b5566fcf3b179b75679ea72cb83408e7dea583e17b915097cdb882b01151c3a71c6e6799', 10, 1, 'MyApp', '[]', 0, '2022-02-09 16:19:36', '2022-02-09 16:19:36', '2023-02-09 11:19:36'),
('cb675a530343b604eb777783b643e3ffd8938905ecf212cea7a1e10b4d959d7b595ea5d0cf77ebb0', 5, 1, 'MyApp', '[]', 0, '2022-02-14 07:19:37', '2022-02-14 07:19:37', '2023-02-14 07:19:37'),
('ccfe9f209abe4d50d9eb381e339d53af3b7ecca35bd0b198aae5a9b94f1f8c7e961271373720be99', 3, 1, 'MyApp', '[]', 0, '2022-02-17 06:54:07', '2022-02-17 06:54:07', '2023-02-17 06:54:07'),
('cd848bb706efa9c51c1d55e311aaffb8a980a19a02398748388b762afdcf9ac543ac3dabc72806fe', 6, 1, 'MyApp', '[]', 0, '2022-02-16 07:18:11', '2022-02-16 07:18:11', '2023-02-16 07:18:11'),
('cea66190d032bb3595554c4b55a66a5bce62b8b3b6345fbe94be68c2615a5dabd7d4cb0d279055c2', 9, 1, 'MyApp', '[]', 0, '2022-02-08 17:50:13', '2022-02-08 17:50:13', '2023-02-08 12:50:13'),
('ceb8372fee30955000c9fc1cf245b4e0ffcdbefd899bd3eb4cff185d561fb8537ccd007f5c1dd026', 0, 1, 'MyApp', '[]', 0, '2022-02-11 16:32:02', '2022-02-11 16:32:02', '2023-02-11 11:32:02'),
('d5b4fc37c4df36c9ddcb46081f37b78637b2a998b6c72fda07c3d58025f1cc6c8fbfcb6d499a6652', 9, 1, 'MyApp', '[]', 0, '2022-02-08 18:02:42', '2022-02-08 18:02:42', '2023-02-08 13:02:42'),
('d60496acb8a246698c9a9d47b7d82cf5efad5338a0b6693fe8584ac711211bacdbea4067a2941488', 17, 1, 'MyApp', '[]', 0, '2022-02-10 13:29:57', '2022-02-10 13:29:57', '2023-02-10 08:29:57'),
('d728bfdda97bec85ccb69cefa489d8818f64ce04e9882095702784920b86256663b53b3600afca41', 6, 1, 'MyApp', '[]', 0, '2022-02-14 12:26:51', '2022-02-14 12:26:51', '2023-02-14 12:26:51'),
('d728c0831b22f207b2ee7de5d8b7cbb29067bebbe63b02aa097c98825bebc42cf546956c3bda965e', 3, 1, 'MyApp', '[]', 0, '2022-02-21 05:29:34', '2022-02-21 05:29:34', '2023-02-21 05:29:34'),
('d83b48c2fa6e783558220caf512f90902db78aee7ec3a675ef82b48626f8f8a8aabbfab9f42fb2d5', 6, 1, 'MyApp', '[]', 0, '2022-02-17 05:34:53', '2022-02-17 05:34:53', '2023-02-17 05:34:53'),
('da7bc661b2c0880765de9b96712432a8fe87027fc5c816a564e652f134fe424ba4d915cacd57dc77', 6, 1, 'MyApp', '[]', 0, '2022-02-15 12:29:13', '2022-02-15 12:29:13', '2023-02-15 12:29:13'),
('db079ad952672effac3b9bfb4adf885ea4a0ecf8be76e99a2c8226c1c63362bc05a467c7c83069f6', 6, 1, 'MyApp', '[]', 0, '2022-02-17 05:41:15', '2022-02-17 05:41:15', '2023-02-17 05:41:15'),
('db495cbf0f4411f6c64d40e7f1938ad679668f47a4c5311b2c7d39e5e3ff033fee1e708d394c0a0e', 4, 1, 'MyApp', '[]', 0, '2022-02-11 17:03:32', '2022-02-11 17:03:32', '2023-02-11 12:03:32'),
('dd28c964d6a974a2519a3198bfa7f3d8cee13575f2304b9367836b3d091eafc968277e1c5e54a03f', 3, 1, 'MyApp', '[]', 1, '2022-02-21 07:46:11', '2022-02-21 07:46:11', '2023-02-21 07:46:11'),
('e0b6091bd7d2d5bbcae8964b4a1e7c3b004385b39bed6be4e8a3e9eb139ffd76242e7f6ced875f02', 25, 1, 'MyApp', '[]', 0, '2022-02-10 15:29:41', '2022-02-10 15:29:41', '2023-02-10 10:29:41'),
('e1d9d2da8232c3a6502c1d4c4c66177b9b02866f5eaa9d3ff9270485ba162880e1b554d1e8386729', 1, 1, 'MyApp', '[]', 1, '2022-02-01 17:23:45', '2022-02-01 17:23:45', '2023-02-01 12:23:45'),
('e20016f2bee48b4af149365e17c868de89fba12377ec8970e36d9d04ef09e4b056d5e168d628a48f', 6, 1, 'MyApp', '[]', 0, '2022-02-15 10:43:04', '2022-02-15 10:43:04', '2023-02-15 10:43:04'),
('e2ce448a254277ad9f3db39129893d4d55f979362fdb2c83bbb9160c71260dfd41f386d7363b8d74', 6, 1, 'MyApp', '[]', 0, '2022-02-17 05:43:05', '2022-02-17 05:43:05', '2023-02-17 05:43:05'),
('e2fa4fbcf7f3520dc884e94c2410a3ffc0f6087ddc256ab2244c4143b4d4df620f42c83c36d5622c', 6, 1, 'MyApp', '[]', 0, '2022-02-15 10:22:47', '2022-02-15 10:22:47', '2023-02-15 10:22:47'),
('e45c28bb024307618cbcfe36227d8e8b53a6de222dc7642e4653c70520412bb5bd175cbe69e69ece', 20, 1, 'MyApp', '[]', 0, '2022-02-10 17:01:51', '2022-02-10 17:01:51', '2023-02-10 12:01:51'),
('e55f553ec9b525c1fd1a6727fd77ec9eccf82fcf70d52a1fee2a96a85590a776c4da9a2a1ca1eed9', 3, 1, 'MyApp', '[]', 0, '2022-02-21 08:00:02', '2022-02-21 08:00:02', '2023-02-21 08:00:02'),
('e56b9c27a29c89bcd946659f94f5dfaca283de6e3049711e0d125819d0655ee4e7527f95034ae03b', 27, 1, 'MyApp', '[]', 0, '2022-02-10 15:43:02', '2022-02-10 15:43:02', '2023-02-10 10:43:02'),
('e7945c2c7633fa4c77bf805ede35bec9ac122c76d8bd1c144585312ba4d3168ac2ede4d978e7df53', 6, 1, 'MyApp', '[]', 0, '2022-02-14 11:15:45', '2022-02-14 11:15:45', '2023-02-14 11:15:45'),
('e80f0f9c3c451e5979a307c099420c1445eada9e1a7e85184e0bb65a316970e18a576eac90e2770c', 6, 1, 'MyApp', '[]', 0, '2022-02-16 05:52:00', '2022-02-16 05:52:00', '2023-02-16 05:52:00'),
('e81ddd77735285577c502f03440fd6cdf6eea710d08027d38f7c88e2df892fe7d1225bb051822786', 19, 1, 'MyApp', '[]', 0, '2022-02-10 13:35:56', '2022-02-10 13:35:56', '2023-02-10 08:35:56'),
('e8e4375a90ff94f45d8e2dcb98e21c89552c42b36081e2a1cd4481378b42ee0e8b54d7bd92f626cc', 19, 1, 'MyApp', '[]', 0, '2022-02-10 13:34:30', '2022-02-10 13:34:30', '2023-02-10 08:34:30'),
('e9eb2a0923a2d75210ca11e222822e9b495713e4865032ee68e64705a3fc5888af4dac741412055b', 1, 1, 'MyApp', '[]', 1, '2022-02-01 15:14:06', '2022-02-01 15:14:06', '2023-02-01 10:14:06'),
('eb5a7416a5f1bc8d9f2d82b255d6d6ba3686dfbb099febb52cc3d9f20881cd5e8d06be1942ffeca9', 1, 1, 'API Token', '[]', 0, '2022-01-31 03:36:37', '2022-01-31 03:36:37', '2023-01-31 08:36:37'),
('eb875fcebe84ecd520ada5fae2c9b532ebc7c78e1022db1c8a9a3b63e9cb68317623b715d02d503a', 1, 1, 'MyApp', '[]', 0, '2022-02-02 12:18:26', '2022-02-02 12:18:26', '2023-02-02 07:18:26'),
('ec7f5a48ecdc8fd57c7a2ef78e0ad00d2dd800705bb4803b09a99a0cc55f824ac188fd0f7f79ec62', 6, 1, 'MyApp', '[]', 0, '2022-02-16 05:30:07', '2022-02-16 05:30:07', '2023-02-16 05:30:07'),
('eecd83fbb271cd165f4bf1e63b06d301862a4d88536dd424f42a14ccf4ea8b8ed718f6db0ac8ed4d', 57, 1, 'MyApp', '[]', 0, '2022-02-21 12:41:31', '2022-02-21 12:41:31', '2023-02-21 12:41:31'),
('effb1b83e458cc5f78692f90054cab43caec9ae559b2087ad17b6cafa149e247445083f167132f31', 36, 1, 'MyApp', '[]', 0, '2022-02-10 17:57:34', '2022-02-10 17:57:34', '2023-02-10 12:57:34'),
('f1649ec4a486bba685d0dabcc1b5eee52f58df0bc23ab8d599063f4f5855ac6ed209d6daa4a09e31', 4, 1, 'MyApp', '[]', 0, '2022-02-11 16:52:53', '2022-02-11 16:52:53', '2023-02-11 11:52:53'),
('f1a889c5ba181b3a3edd0c71c4844aafdba1eed3c35eddc0abb3670afbc6a13af62392e8390a3b2c', 6, 1, 'MyApp', '[]', 0, '2022-02-21 11:08:44', '2022-02-21 11:08:44', '2023-02-21 11:08:44'),
('f1d4758e383dc84b77737fc4d160c5f299a5847347456d038c82d34c2d34d44bf491c9372629d953', 50, 1, 'MyApp', '[]', 0, '2022-02-17 12:34:02', '2022-02-17 12:34:02', '2023-02-17 12:34:02'),
('f3e8486e412405043997d4fda857d0e783f1b428ad834c627b1dcc7f44e62817c4e31ee2afcd1f1e', 6, 1, 'MyApp', '[]', 0, '2022-02-16 06:05:51', '2022-02-16 06:05:51', '2023-02-16 06:05:51'),
('f406fa356bd1a51fa2f284a0e3cac6e39c2a838910442fb7e5cb44b5e3a59335635cbe3f2cebfee7', 6, 1, 'MyApp', '[]', 0, '2022-02-15 11:35:19', '2022-02-15 11:35:19', '2023-02-15 11:35:19'),
('f544fb7851fe6a896d826c576972e2c6f1004c123a5c66579c28d314e472d524dc3efd062dcff6c7', 6, 1, 'MyApp', '[]', 0, '2022-02-15 10:01:12', '2022-02-15 10:01:12', '2023-02-15 10:01:12'),
('f7e4e9d585a5496d28f216e81ed163973cbbf7e7eb97c2464cb4f6152e9f462df16e5587e4cb5904', 6, 1, 'MyApp', '[]', 0, '2022-02-15 06:48:02', '2022-02-15 06:48:02', '2023-02-15 06:48:02'),
('f7ecbddd7784d5c7eead67e2f54e5a2fb0e1ced2df6d468ffb7b077a617111568ecaded9a412ad60', 1, 1, 'MyApp', '[]', 0, '2022-02-02 11:19:45', '2022-02-02 11:19:45', '2023-02-02 06:19:45'),
('f921929b4b3f053acefdb3fa1d679a0eaf015c3a0cf3668f0fa8f038e5014f936c424a5aec8f974c', 2, 1, 'MyApp', '[]', 0, '2022-02-01 15:05:03', '2022-02-01 15:05:03', '2023-02-01 10:05:03'),
('f9abb974e1fa0e97f718779fbefcfa05f7cf9e220f73529ebf0272e7a40c0f1546a6cf5c373521bf', 6, 1, 'MyApp', '[]', 0, '2022-02-14 12:45:12', '2022-02-14 12:45:12', '2023-02-14 12:45:12'),
('fae35569c3772bf8b667db26c314df40a1838ae163e9728a7a302462f2434a35557ff2363f47066d', 34, 1, 'MyApp', '[]', 0, '2022-02-10 17:53:55', '2022-02-10 17:53:55', '2023-02-10 12:53:55'),
('fae990bc22e991fd4a7595dd5bf05f655e72a8bb722d0865b43164c23c632c2f51f32432093818c3', 13, 1, 'MyApp', '[]', 0, '2022-02-09 17:29:38', '2022-02-09 17:29:38', '2023-02-09 12:29:38'),
('fb85bff23402050263ede210f17cbf3a9b99661a23ba36f4b8c34327424a891d2c390dd801a32050', 57, 1, 'MyApp', '[]', 0, '2022-02-21 12:40:57', '2022-02-21 12:40:57', '2023-02-21 12:40:57'),
('fcdaf8c4eed47e48a70cbb1e5936f728d0b34de0711a4090d437d605597c8ea46c8668bdcdd01fea', 6, 1, 'MyApp', '[]', 0, '2022-02-16 06:14:42', '2022-02-16 06:14:42', '2023-02-16 06:14:42'),
('fdd37bbe4ec0fb4b70cf6cbde51bee8d337005c6b78a073d298c8d5667d0e8153327dba9abcf34f3', 56, 1, 'MyApp', '[]', 0, '2022-02-21 12:40:25', '2022-02-21 12:40:25', '2023-02-21 12:40:25'),
('fdf276422dc1f871b77ed652c8821ee3c32bf231c640d422b75f3787eb5c3ccc332e9e476b381126', 6, 1, 'MyApp', '[]', 0, '2022-02-16 11:08:43', '2022-02-16 11:08:43', '2023-02-16 11:08:43'),
('fe3bbe079ecf5699d9017a2236ebfa5897a989127f76021389c78127bd9a446a7cd2ee5eaf7fa4f7', 1, 1, 'MyApp', '[]', 0, '2022-02-02 15:04:20', '2022-02-02 15:04:20', '2023-02-02 10:04:20'),
('fea466be331eba6990c2b2de7459225f8a4de880f9d5e88b013cb0159426cfad002012233f3acc7d', 22, 1, 'MyApp', '[]', 0, '2022-02-10 13:55:51', '2022-02-10 13:55:51', '2023-02-10 08:55:51');

-- --------------------------------------------------------

--
-- Table structure for table `oauth_auth_codes`
--

CREATE TABLE `oauth_auth_codes` (
  `id` varchar(100) COLLATE utf8mb4_unicode_ci NOT NULL,
  `user_id` bigint(20) UNSIGNED NOT NULL,
  `client_id` bigint(20) UNSIGNED NOT NULL,
  `scopes` text COLLATE utf8mb4_unicode_ci DEFAULT NULL,
  `revoked` tinyint(1) NOT NULL,
  `expires_at` datetime DEFAULT NULL
) ENGINE=InnoDB DEFAULT CHARSET=utf8mb4 COLLATE=utf8mb4_unicode_ci;

-- --------------------------------------------------------

--
-- Table structure for table `oauth_clients`
--

CREATE TABLE `oauth_clients` (
  `id` bigint(20) UNSIGNED NOT NULL,
  `user_id` bigint(20) UNSIGNED DEFAULT NULL,
  `name` varchar(255) COLLATE utf8mb4_unicode_ci NOT NULL,
  `secret` varchar(100) COLLATE utf8mb4_unicode_ci DEFAULT NULL,
  `provider` varchar(255) COLLATE utf8mb4_unicode_ci DEFAULT NULL,
  `redirect` text COLLATE utf8mb4_unicode_ci NOT NULL,
  `personal_access_client` tinyint(1) NOT NULL,
  `password_client` tinyint(1) NOT NULL,
  `revoked` tinyint(1) NOT NULL,
  `created_at` timestamp NULL DEFAULT NULL,
  `updated_at` timestamp NULL DEFAULT NULL
) ENGINE=InnoDB DEFAULT CHARSET=utf8mb4 COLLATE=utf8mb4_unicode_ci;

--
-- Dumping data for table `oauth_clients`
--

INSERT INTO `oauth_clients` (`id`, `user_id`, `name`, `secret`, `provider`, `redirect`, `personal_access_client`, `password_client`, `revoked`, `created_at`, `updated_at`) VALUES
(1, NULL, 'Laravel Personal Access Client', 'B9p59NdzDRHQjwLp9H5CTTSHvI364L5YFKi8MJFm', NULL, 'http://localhost', 1, 0, 0, '2022-01-31 03:08:58', '2022-01-31 03:08:58'),
(2, NULL, 'Laravel Password Grant Client', 'te8Jdt57U0xscUnQPeV5oAF3SjdJdPZqM8OPsDFd', 'users', 'http://localhost', 0, 1, 0, '2022-01-31 03:08:58', '2022-01-31 03:08:58');

-- --------------------------------------------------------

--
-- Table structure for table `oauth_personal_access_clients`
--

CREATE TABLE `oauth_personal_access_clients` (
  `id` bigint(20) UNSIGNED NOT NULL,
  `client_id` bigint(20) UNSIGNED NOT NULL,
  `created_at` timestamp NULL DEFAULT NULL,
  `updated_at` timestamp NULL DEFAULT NULL
) ENGINE=InnoDB DEFAULT CHARSET=utf8mb4 COLLATE=utf8mb4_unicode_ci;

--
-- Dumping data for table `oauth_personal_access_clients`
--

INSERT INTO `oauth_personal_access_clients` (`id`, `client_id`, `created_at`, `updated_at`) VALUES
(1, 1, '2022-01-31 03:08:58', '2022-01-31 03:08:58');

-- --------------------------------------------------------

--
-- Table structure for table `oauth_refresh_tokens`
--

CREATE TABLE `oauth_refresh_tokens` (
  `id` varchar(100) COLLATE utf8mb4_unicode_ci NOT NULL,
  `access_token_id` varchar(100) COLLATE utf8mb4_unicode_ci NOT NULL,
  `revoked` tinyint(1) NOT NULL,
  `expires_at` datetime DEFAULT NULL
) ENGINE=InnoDB DEFAULT CHARSET=utf8mb4 COLLATE=utf8mb4_unicode_ci;

-- --------------------------------------------------------

--
-- Table structure for table `password_resets`
--

CREATE TABLE `password_resets` (
  `email` varchar(255) COLLATE utf8mb4_unicode_ci NOT NULL,
  `token` varchar(255) COLLATE utf8mb4_unicode_ci NOT NULL,
  `created_at` timestamp NULL DEFAULT NULL
) ENGINE=InnoDB DEFAULT CHARSET=utf8mb4 COLLATE=utf8mb4_unicode_ci;

-- --------------------------------------------------------

--
-- Table structure for table `users`
--

CREATE TABLE `users` (
  `id` int(11) NOT NULL,
  `username` varchar(255) COLLATE utf8mb4_unicode_ci NOT NULL,
  `email` varchar(255) COLLATE utf8mb4_unicode_ci NOT NULL,
  `code` varchar(255) COLLATE utf8mb4_unicode_ci NOT NULL,
  `active` tinyint(1) NOT NULL DEFAULT 0,
  `phone_number` varchar(50) COLLATE utf8mb4_unicode_ci NOT NULL,
  `address` varchar(255) COLLATE utf8mb4_unicode_ci NOT NULL,
  `profile` varchar(255) COLLATE utf8mb4_unicode_ci DEFAULT NULL,
  `email_verified` tinyint(1) NOT NULL DEFAULT 0,
  `password` varchar(255) COLLATE utf8mb4_unicode_ci NOT NULL,
  `remember_token` varchar(100) COLLATE utf8mb4_unicode_ci DEFAULT NULL,
  `password_reset_code` varchar(255) COLLATE utf8mb4_unicode_ci NOT NULL DEFAULT '123456',
  `created_at` timestamp NULL DEFAULT NULL,
  `updated_at` timestamp NULL DEFAULT NULL
) ENGINE=InnoDB DEFAULT CHARSET=utf8mb4 COLLATE=utf8mb4_unicode_ci;

--
-- Dumping data for table `users`
--

INSERT INTO `users` (`id`, `username`, `email`, `code`, `active`, `phone_number`, `address`, `profile`, `email_verified`, `password`, `remember_token`, `password_reset_code`, `created_at`, `updated_at`) VALUES
(1, 'fazzy', 'fazzy123@gmail.com', '', 0, '03469458761', 'Rawalpindi, Pakistan.', NULL, 0, '$2y$10$3fuaOeJGdnGOlV3Ii.IyZOC.yDIu55acg265OP5Fhm1k9OeWzggyu', NULL, '123456', '2022-02-11 16:47:30', '2022-02-11 16:47:30'),
(2, 'UbaidUrRehman', 'ubaidurrehman101@gmail.com', '', 0, '03469458761', 'Rawalpindi, Pakistan.', 'https://doorbell.ioptime.com/public/users_images/1645010543profile.png', 0, '$2y$10$4VAspJW5aICUMIjfXZ4nF.vxIv/FZOL4jGn3GouFWNw6rpV29FQT6', NULL, '372277', '2022-02-11 16:18:57', '2022-02-17 12:16:03'),
(3, 'Owner', 'fghkl@gmail.com', '', 0, '03469458761', 'Rawalpindi, Pakistan.', NULL, 0, '$2y$10$5elT1TZt5Kjoeb39iWXyZ.gUEQOdzxB/ivtc0WIsoguxoPkrJ.KSi', NULL, '123456', '2022-02-11 16:30:11', '2022-02-11 16:30:11'),
(4, 'fazzy', 'fazzy13@gmail.com', '', 0, '03469458761', 'Rawalpindi, Pakistan.', NULL, 0, '$2y$10$odTdFcRGwVN7RBXLyEoMSuw4lD7YtSQCOCL8qk0idyMMMCTyIrQgy', NULL, '123456', '2022-02-11 16:49:17', '2022-02-11 16:49:17'),
(5, 'test name', 'faraz@gmail.com', '', 0, '03469458761', 'Rawalpindi, Pakistan.', 'https://doorbell.ioptime.com/public/users_images/1645007820profile.png', 0, '$2y$10$x04mjhNevSxMXh./Zplq1OyTe2W3U5JWKAohuU6C8J/QVETjON72m', NULL, '994766', '2022-02-14 07:08:41', '2022-02-16 10:37:00'),
(6, 'test name', 'fazzysyed75@gmail.com', '', 0, '03469458761', 'Rawalpindi, Pakistan.', 'https://doorbell.ioptime.com/public/users_images/1645010665rn_image_picker_lib_temp_1b74c3ac-4ab3-4843-8899-d92ff057689b.jpg', 0, '$2y$10$T/qGKkVBf2NnG7b9Q1Ca/O2/MKPM/Htj9KTXLSuZB53xis7PYtCLi', NULL, '662563', '2022-02-14 10:20:12', '2022-02-16 11:24:25'),
(47, 'test name', 'ubtest@gmail.com', '179319', 0, '03469458761', 'Rawalpindi, Pakistan.', NULL, 0, '$2y$10$okr5u.IEoXDN/EQX9MvN.ulZQRbuNK/XaH26Kn3acx.v27m5k1/vO', NULL, '123456', '2022-02-17 12:04:07', '2022-02-17 12:04:07'),
(48, 'test name', 'ubtest99@gmail.com', '716717', 0, '03469458761', 'Rawalpindi, Pakistan.', NULL, 0, '$2y$10$2LSkRO1C4GfEZ0bni2b73eGzMiDDFM0XwGs2VrPRNBaxGocWwOLGG', NULL, '123456', '2022-02-17 12:07:01', '2022-02-17 12:07:01'),
(49, 'test name', 'ubaidurrehman1001@gmail.com', '920673', 1, '03469458761', 'Rawalpindi, Pakistan.', NULL, 1, '$2y$10$8XML4EqHEwhR580ZjyJt4eyt2CVLYY24po0zbta4EFtCokGu7kGpG', NULL, '123456', '2022-02-17 12:24:45', '2022-02-17 12:48:24'),
(50, 'test name', 'fgaaahkl@gmail.com', '659759', 0, '03469458761', 'Rawalpindi, Pakistan.', NULL, 0, '$2y$10$LzibpNh8IlLPgNIGvl2fqeW8EqYM87hxXlnHocC1qn/eospyzVtHS', NULL, '123456', '2022-02-17 12:34:02', '2022-02-17 12:34:02'),
(51, 'test name', 'ubaidurrehman11@gmail.com', '685768', 0, '03469458761', 'Rawalpindi, Pakistan.', NULL, 0, '$2y$10$5A0Dp0WsjoCVOWmcYrn1fO5P6/ldALy/EUMA6FENofU5gw5Jpu8Ze', NULL, '123456', '2022-02-17 12:40:16', '2022-02-17 12:40:16'),
(52, 'test name', 'fgadaahkl@gmail.com', '848605', 0, '03469458761', 'Rawalpindi, Pakistan.', NULL, 0, '$2y$10$Nsvk1/z9noz7nabl1lubLOdOXRBarQvJwiBuN2qBAueGerPzVFKtC', NULL, '123456', '2022-02-17 12:40:40', '2022-02-17 12:40:40'),
(53, 'Faz', 'Fax@gmail.com', '889518', 0, '+923219396014', 'Hello', NULL, 0, '$2y$10$jL3cwET3qAJOzog/vZla6.F2gkgwCcGfnCWa0JrnIbPPXXzLveglK', NULL, '123456', '2022-02-17 12:56:04', '2022-02-17 12:56:04'),
(54, 'Hello', 'Fazzysyed77@gmail.com', '852392', 0, '+2595989', 'Csbanabab', NULL, 0, '$2y$10$Y0Sn9inU85g5Oj6GppUCWesxIdnxCLfi8uxAa1WSYMux0vXOHKjG6', NULL, '123456', '2022-02-17 12:56:42', '2022-02-17 12:56:42'),
(55, 'test name 2', 'ubaidurrehman1@gmail.com', '957422', 0, '03469458761', 'Rawalpindi, Pakistan.', NULL, 0, '$2y$10$8nwqhGtGroRV8pMGmUfvruO6lhiR/XwRk/vqxKh7FpnOo6OOtZ7aC', NULL, '123456', '2022-02-21 06:51:49', '2022-02-21 06:51:49'),
(56, 'test name 2', 'faz@gmail.com', '975374', 0, '03469458761', 'Rawalpindi, Pakistan.', NULL, 0, '$2y$10$LliRUsl0X2oUK9qFRGXjYOuBSNNHdGodu9p8sl2sR5FfJZ9iKdL5u', NULL, '123456', '2022-02-21 12:40:22', '2022-02-21 12:40:22'),
(57, 'test name 2', 'fazz@gmail.com', '596853', 0, '03469458761', 'Rawalpindi, Pakistan.', NULL, 0, '$2y$10$H35TDF4pQ15IAuWHQOD8d.WIMCI65svSBnnM2oVTFhsV/872x79/y', NULL, '123456', '2022-02-21 12:40:56', '2022-02-21 12:40:56'),
(58, 'fazzysyed777@gmail.com', 'fazz1@gmail.com', '956228', 0, '3219396014', 'Hello', NULL, 0, '$2y$10$N.yy507SSdXvGrW2eoQeKepzAn3z4fnBZ9liAEpVXuVS.vWLgSHG.', NULL, '123456', '2022-02-21 12:42:25', '2022-02-21 12:42:25');

--
-- Indexes for dumped tables
--

--
-- Indexes for table `days`
--
ALTER TABLE `days`
  ADD PRIMARY KEY (`id`);

--
-- Indexes for table `days_timings`
--
ALTER TABLE `days_timings`
  ADD PRIMARY KEY (`id`);

--
-- Indexes for table `devices_tokens`
--
ALTER TABLE `devices_tokens`
  ADD PRIMARY KEY (`id`);

--
-- Indexes for table `doors`
--
ALTER TABLE `doors`
  ADD PRIMARY KEY (`id`);

--
-- Indexes for table `failed_jobs`
--
ALTER TABLE `failed_jobs`
  ADD PRIMARY KEY (`id`);

--
-- Indexes for table `hosts`
--
ALTER TABLE `hosts`
  ADD PRIMARY KEY (`id`);

--
-- Indexes for table `migrations`
--
ALTER TABLE `migrations`
  ADD PRIMARY KEY (`id`);

--
-- Indexes for table `notifications`
--
ALTER TABLE `notifications`
  ADD PRIMARY KEY (`id`);

--
-- Indexes for table `oauth_access_tokens`
--
ALTER TABLE `oauth_access_tokens`
  ADD PRIMARY KEY (`id`),
  ADD KEY `oauth_access_tokens_user_id_index` (`user_id`);

--
-- Indexes for table `oauth_auth_codes`
--
ALTER TABLE `oauth_auth_codes`
  ADD PRIMARY KEY (`id`),
  ADD KEY `oauth_auth_codes_user_id_index` (`user_id`);

--
-- Indexes for table `oauth_clients`
--
ALTER TABLE `oauth_clients`
  ADD PRIMARY KEY (`id`),
  ADD KEY `oauth_clients_user_id_index` (`user_id`);

--
-- Indexes for table `oauth_personal_access_clients`
--
ALTER TABLE `oauth_personal_access_clients`
  ADD PRIMARY KEY (`id`);

--
-- Indexes for table `oauth_refresh_tokens`
--
ALTER TABLE `oauth_refresh_tokens`
  ADD PRIMARY KEY (`id`),
  ADD KEY `oauth_refresh_tokens_access_token_id_index` (`access_token_id`);

--
-- Indexes for table `password_resets`
--
ALTER TABLE `password_resets`
  ADD KEY `password_resets_email_index` (`email`);

--
-- Indexes for table `users`
--
ALTER TABLE `users`
  ADD PRIMARY KEY (`id`),
  ADD UNIQUE KEY `users_email_unique` (`email`);

--
-- AUTO_INCREMENT for dumped tables
--

--
-- AUTO_INCREMENT for table `days`
--
ALTER TABLE `days`
  MODIFY `id` int(11) NOT NULL AUTO_INCREMENT, AUTO_INCREMENT=8;

--
-- AUTO_INCREMENT for table `days_timings`
--
ALTER TABLE `days_timings`
  MODIFY `id` int(11) NOT NULL AUTO_INCREMENT, AUTO_INCREMENT=193;

--
-- AUTO_INCREMENT for table `devices_tokens`
--
ALTER TABLE `devices_tokens`
  MODIFY `id` int(11) NOT NULL AUTO_INCREMENT, AUTO_INCREMENT=12;

--
-- AUTO_INCREMENT for table `doors`
--
ALTER TABLE `doors`
  MODIFY `id` int(11) NOT NULL AUTO_INCREMENT, AUTO_INCREMENT=49;

--
-- AUTO_INCREMENT for table `failed_jobs`
--
ALTER TABLE `failed_jobs`
  MODIFY `id` bigint(20) UNSIGNED NOT NULL AUTO_INCREMENT;

--
-- AUTO_INCREMENT for table `hosts`
--
ALTER TABLE `hosts`
  MODIFY `id` int(11) NOT NULL AUTO_INCREMENT, AUTO_INCREMENT=11;

--
-- AUTO_INCREMENT for table `migrations`
--
ALTER TABLE `migrations`
  MODIFY `id` int(10) UNSIGNED NOT NULL AUTO_INCREMENT, AUTO_INCREMENT=9;

--
-- AUTO_INCREMENT for table `notifications`
--
ALTER TABLE `notifications`
  MODIFY `id` int(11) NOT NULL AUTO_INCREMENT, AUTO_INCREMENT=9;

--
-- AUTO_INCREMENT for table `oauth_clients`
--
ALTER TABLE `oauth_clients`
  MODIFY `id` bigint(20) UNSIGNED NOT NULL AUTO_INCREMENT, AUTO_INCREMENT=3;

--
-- AUTO_INCREMENT for table `oauth_personal_access_clients`
--
ALTER TABLE `oauth_personal_access_clients`
  MODIFY `id` bigint(20) UNSIGNED NOT NULL AUTO_INCREMENT, AUTO_INCREMENT=2;

--
-- AUTO_INCREMENT for table `users`
--
ALTER TABLE `users`
  MODIFY `id` int(11) NOT NULL AUTO_INCREMENT, AUTO_INCREMENT=59;
COMMIT;

/*!40101 SET CHARACTER_SET_CLIENT=@OLD_CHARACTER_SET_CLIENT */;
/*!40101 SET CHARACTER_SET_RESULTS=@OLD_CHARACTER_SET_RESULTS */;
/*!40101 SET COLLATION_CONNECTION=@OLD_COLLATION_CONNECTION */;
